part_name,part_id,mpn_id,part_price,install_difficulty,install_time,symptoms,product_types,brand,availability,product_url
Dishwasher Upper Rack Adjuster Kit,PS10065979,W10712395,49.86,Really Easy ,30 - 60 mins ,Door won’t close | Door latch failure | Not cleaning dishes properly | Noisy,Dishwasher.,Whirlpool,In Stock,https://www.partselect.com/PS10065979-Whirlpool-W10712395-Upper-Rack-Adjuster-Kit.htm?SourceCode=18
Dishwasher Upper Rack Adjuster,PS11756150,WPW10546503,,Really Easy ,30 - 60 mins ,Door won’t close | Door latch failure | Not cleaning dishes properly | Leaking,Dishwasher.,Whirlpool,In Stock,https://www.partselect.com/PS11756150-Whirlpool-WPW10546503-Dishwasher-Upper-Rack-Adjuster.htm?SourceCode=18
Dishwasher Rack Track Stop,PS11746591,WP8565925,,Really Easy ,30 - 60 mins ,Door latch failure | Not cleaning dishes properly | Door won’t close,Dishwasher.,Whirlpool,In Stock,https://www.partselect.com/PS11746591-Whirlpool-WP8565925-Dishwasher-Rack-Track-Stop.htm?SourceCode=18
Dishwasher Dish Rack Adjuster Kit (left And Right Side),PS10064063,W10712394,,Easy ,30 - 60 mins ,Door won’t close | Not cleaning dishes properly | Door latch failure | Leaking,Dishwasher.,Whirlpool,In Stock,https://www.partselect.com/PS10064063-Whirlpool-W10712394-Dishwasher-Dish-Rack-Adjuster-Kit-Left-And-Right-Side.htm?SourceCode=18
Dishwasher Upper Rack Assembly,PS16618975,WD28X30219,,Really Easy ,15 - 30 mins ,Not cleaning dishes properly,Dishwasher.,GE,On Order,https://www.partselect.com/PS16618975-GE-WD28X30219-Upper-Rack-Assembly.htm?SourceCode=18
Dishwasher Rack Stop Clip,PS11750071,WPW10195622,,Really Easy ,15 - 30 mins ,Door won’t close | Door latch failure | Not cleaning dishes properly,Dishwasher.,Whirlpool,In Stock,https://www.partselect.com/PS11750071-Whirlpool-WPW10195622-Dishwasher-Rack-Stop-Clip.htm?SourceCode=18
Dishwasher Tine Pivot,PS11748190,WPW10082853,,Very Easy ,15 - 30 mins ,Not cleaning dishes properly,Dishwasher.,Whirlpool,In Stock,https://www.partselect.com/PS11748190-Whirlpool-WPW10082853-Dishwasher-Tine-Pivot.htm?SourceCode=18
Dishwasher Positioner,PS11750093,WPW10195840,,Easy ,1- 2 hours ,Door won’t close | Not cleaning dishes properly | Door latch failure,Dishwasher.,Whirlpool,In Stock,https://www.partselect.com/PS11750093-Whirlpool-WPW10195840-Dishwasher-Positioner.htm?SourceCode=18
Dishwasher Dish Rack Slide Track (left Side),PS12584376,W11259785,,Easy ,1- 2 hours ,Door won’t close | Door latch failure | Noisy,Dishwasher.,Whirlpool,In Stock,https://www.partselect.com/PS12584376-Whirlpool-W11259785-Dishwasher-Dish-Rack-Slide-Track-Left-Side.htm?SourceCode=18
Dishwasher Dishrack Slide Track (right Side),PS12584377,W11259786,,Easy ,30 - 60 mins ,Door won’t close | Door latch failure,Dishwasher.,Whirlpool,In Stock,https://www.partselect.com/PS12584377-Whirlpool-W11259786-Dishwasher-Dishrack-Slide-Track-Right-Side.htm?SourceCode=18
Dishwasher Lower Dishrack Wheel,PS3406971,W10195416,,Very Easy ,15 - 30 mins ,Not cleaning dishes properly | Door won’t close | Noisy | Door latch failure,Dishwasher.,Whirlpool,In Stock,https://www.partselect.com/PS3406971-Whirlpool-W10195416-Lower-Dishrack-Wheel.htm?SourceCode=18
Dishwasher Lower Dishrack Roller,PS11750057,WPW10195417,,Really Easy ,Less than 15 mins ,Door won’t close | Door latch failure | Not cleaning dishes properly,Dishwasher.,Whirlpool,In Stock,https://www.partselect.com/PS11750057-Whirlpool-WPW10195417-Dishwasher-Lower-Dishrack-Roller.htm?SourceCode=18
Dishwasher Lower Rack Roller,PS16217024,WD12X26146,,Very Easy ,15 - 30 mins ,N/A,Dishwasher.,GE,In Stock,https://www.partselect.com/PS16217024-GE-WD12X26146-Dishwasher-Lower-Rack-Roller.htm?SourceCode=18
Dishwasher Dishrack Roller,PS8727387,00611475,,Really Easy ,Less than 15 mins ,N/A,Dishwasher.,Bosch,In Stock,https://www.partselect.com/PS8727387-Bosch-00611475-Dishwasher-Dishrack-Roller.htm?SourceCode=18
Dishwasher Dishrack Adjuster & Wheel Assembly,PS11756470,WPW10571738,,Really Easy ,15 - 30 mins ,Not cleaning dishes properly,Dishwasher.,Whirlpool,In Stock,https://www.partselect.com/PS11756470-Whirlpool-WPW10571738-Dishrack-Adjuster-Wheel-Assembly.htm?SourceCode=18
Dishwasher Upper Wheel And Bushing Assembly (black),PS17219660,5304535381,,Very Easy ,Less than 15 mins ,N/A,Dishwasher.,Frigidaire,In Stock,https://www.partselect.com/PS17219660-Frigidaire-5304535381-Upper-Wheel-And-Bushing-Assembly-Black.htm?SourceCode=18
Dishwasher Roller Assembly,PS12075858,4581DD3003C,,Really Easy ,Less than 15 mins ,N/A,Dishwasher.,LG,In Stock,https://www.partselect.com/PS12075858-LG-4581DD3003C-Dishwasher-Roller-Assembly.htm?SourceCode=18
Dishwasher Rack Adjuster,PS11750255,WPW10204131,,Really Easy ,Less than 15 mins ,N/A,Dishwasher.,Whirlpool,In Stock,https://www.partselect.com/PS11750255-Whirlpool-WPW10204131-Dishwasher-Rack-Adjuster.htm?SourceCode=18
Dishwasher Lower Rack Roller & Stud Assembly,PS16618942,WD12X27747,,N/A,N/A,N/A,Dishwasher.,GE,In Stock,https://www.partselect.com/PS16618942-GE-WD12X27747-Lower-Rack-Roller-Stud-Assembly.htm?SourceCode=18
Dishwasher Upper Dishrack Wheel Mount,PS11745459,WP8268743,,Really Easy ,15 - 30 mins ,Door won’t close | Noisy | Not cleaning dishes properly | Door latch failure,Dishwasher.,Whirlpool,In Stock,https://www.partselect.com/PS11745459-Whirlpool-WP8268743-Dishwasher-Upper-Dishrack-Wheel-Mount.htm?SourceCode=18
Dishwasher Bottom Door Gasket,PS9495545,809006501,,Easy ,15 - 30 mins ,Leaking | Not cleaning dishes properly | Door won’t close | Door latch failure,Dishwasher.,Frigidaire,In Stock,https://www.partselect.com/PS9495545-Frigidaire-809006501-Dishwasher-Bottom-Door-Gasket.htm?SourceCode=18
Dishwasher Tub Gasket (gray),PS8260227,154827601,,Really Easy ,15 - 30 mins ,Leaking | Door won’t close | Not cleaning dishes properly | Door latch failure,Dishwasher.,Frigidaire,In Stock,https://www.partselect.com/PS8260227-Frigidaire-154827601-Dishwasher-Tub-Gasket-Gray.htm?SourceCode=18
Dishwasher Door Seal,PS12348515,W11177741,,Really Easy ,30 - 60 mins ,Leaking,Dishwasher.,Whirlpool,In Stock,https://www.partselect.com/PS12348515-Whirlpool-W11177741-Dishwasher-Door-Seal.htm?SourceCode=18
Dishwasher Gasket,PS11700870,WD08X21894,,Easy ,30 - 60 mins ,Leaking,Dishwasher.,GE,In Stock,https://www.partselect.com/PS11700870-GE-WD08X21894-Gasket.htm?SourceCode=18
Dishwasher Door Bottom Seal,PS11703834,5304500204,,Really Easy ,30 - 60 mins ,Leaking,Dishwasher.,Frigidaire,In Stock,https://www.partselect.com/PS11703834-Frigidaire-5304500204-Dishwasher-Door-Bottom-Seal.htm?SourceCode=18
Dishwasher Tub Gasket,PS11774412,WD08X23476,,Easy ,30 - 60 mins ,Leaking,Dishwasher.,GE,In Stock,https://www.partselect.com/PS11774412-GE-WD08X23476-Dishwasher-Tub-Gasket.htm?SourceCode=18
Dishwasher Seal,PS11755651,WPW10497235,,Really Easy ,30 - 60 mins ,Leaking,Dishwasher.,Whirlpool,In Stock,https://www.partselect.com/PS11755651-Whirlpool-WPW10497235-Dishwasher-Seal.htm?SourceCode=18
Dishwasher Door Gasket W/strike (black),PS5136129,W10542314,,Really Easy ,15 - 30 mins ,Leaking | Not cleaning dishes properly | Door latch failure | Door won’t close,Dishwasher.,Whirlpool,In Stock,https://www.partselect.com/PS5136129-Whirlpool-W10542314-Dishwasher-Door-Gasket-w-Strike-Black.htm?SourceCode=18
Dishwasher Splash Shield Kit,PS2203346,154701001,,Very Easy ,Less than 15 mins ,Leaking,Dishwasher.,Frigidaire,In Stock,https://www.partselect.com/PS2203346-Frigidaire-154701001-Splash-Shield-Kit.htm?SourceCode=18
Dishwasher Seal,PS11766757,W10909089,,A Bit Difficult ,30 - 60 mins ,Leaking,Dishwasher.,Whirlpool,In Stock,https://www.partselect.com/PS11766757-Whirlpool-W10909089-Dishwasher-Seal.htm?SourceCode=18
Dishwasher Lower Spray Arm,PS12585623,5304517203,,Really Easy ,Less than 15 mins ,Not cleaning dishes properly | Leaking | Noisy | Not draining,Dishwasher.,Frigidaire,In Stock,https://www.partselect.com/PS12585623-Frigidaire-5304517203-Lower-Spray-Arm.htm?SourceCode=18
Dishwasher Lower Spray Arm,PS17137081,WD22X33499,,Very Easy ,15 - 30 mins ,Not cleaning dishes properly | Noisy | Leaking | Not draining,Dishwasher.,GE,In Stock,https://www.partselect.com/PS17137081-GE-WD22X33499-LOWER-SPRAY-ARM.htm?SourceCode=18
Dishwasher Lower Spray Arm,PS12705424,5304518927,,Really Easy ,Less than 15 mins ,Not cleaning dishes properly | Leaking | Noisy | Not drying dishes properly,Dishwasher.,Frigidaire,In Stock,https://www.partselect.com/PS12705424-Frigidaire-5304518927-Lower-Spray-Arm.htm?SourceCode=18
Dishwasher Middle Spray Arm Kit,PS382824,675808,,Really Easy ,15 - 30 mins ,Not cleaning dishes properly | Leaking | Noisy | Will not fill with water,Dishwasher.,Whirlpool,In Stock,https://www.partselect.com/PS382824-Whirlpool-675808-Dishwasher-Middle-Spray-Arm-Kit.htm?SourceCode=18
Dishwasher Lower Spray Arm,PS11770610,5304507158,,Really Easy ,15 - 30 mins ,Not cleaning dishes properly | Leaking | Noisy | Not draining,Dishwasher.,Frigidaire,In Stock,https://www.partselect.com/PS11770610-Frigidaire-5304507158-Lower-Spray-Arm.htm?SourceCode=18
Dishwasher Lower Spray Arm Support,PS12712289,5304518968,,Really Easy ,15 - 30 mins ,Not cleaning dishes properly | Leaking | Not draining | Noisy,Dishwasher.,Frigidaire,In Stock,https://www.partselect.com/PS12712289-Frigidaire-5304518968-Lower-Spray-Arm-Support.htm?SourceCode=18
Dishwasher Mid Spray Arm,PS17137080,WD22X33498,32.59,Very Easy ,Less than 15 mins ,Not cleaning dishes properly | Noisy | Leaking,Dishwasher.,GE,In Stock,https://www.partselect.com/PS17137080-GE-WD22X33498-MID-SPRAY-ARM.htm?SourceCode=18
Dishwasher Lower Spray Arm,PS11755592,WPW10491331,40.27,Very Easy ,Less than 15 mins ,Not cleaning dishes properly | Leaking | Noisy,Dishwasher.,Whirlpool,In Stock,https://www.partselect.com/PS11755592-Whirlpool-WPW10491331-Dishwasher-Lower-Spray-Arm.htm?SourceCode=18
Dishwasher Lower Spray Arm,PS11727921,W10837249,68.35,Really Easy ,Less than 15 mins ,Leaking | Not cleaning dishes properly,Dishwasher.,Whirlpool,In Stock,https://www.partselect.com/PS11727921-Whirlpool-W10837249-Lower-Spray-Arm.htm?SourceCode=18
Dishwasher Orbital Sprayer,PS12717897,5304517982,,Very Easy ,Less than 15 mins ,Not cleaning dishes properly | Leaking,Dishwasher.,Frigidaire,In Stock,https://www.partselect.com/PS12717897-Frigidaire-5304517982-ORBITAL-SPRAYER.htm?SourceCode=18
Dishwasher Holder,PS12081829,MEG64438801,,Very Easy ,Less than 15 mins ,N/A,Dishwasher.,LG,In Stock,https://www.partselect.com/PS12081829-LG-MEG64438801-Dishwasher-Holder.htm?SourceCode=18
Dishwasher Holder,PS12081830,MEG64438901,,N/A,N/A,N/A,Dishwasher.,LG,In Stock,https://www.partselect.com/PS12081830-LG-MEG64438901-Dishwasher-Holder.htm?SourceCode=18
Dishwasher Clip Lower Rack,PS8756263,WD12X20171,,N/A,N/A,N/A,Dishwasher.,GE,In Stock,https://www.partselect.com/PS8756263-GE-WD12X20171-Dishwasher-Clip-Lower-Rack.htm?SourceCode=18
Dishwasher Refrigerator Door Handle Fastener,PS6447735,WR01X11007,,Really Easy ,30 - 60 mins ,Door won’t open or close,"Refrigerator, Range, Dishwasher.",GE,In Stock,https://www.partselect.com/PS6447735-GE-WR01X11007-Refrigerator-Door-Handle-Fastener.htm?SourceCode=18
Dishwasher Retainer Clip,PS11755736,WPW10503548,,Really Easy ,15 - 30 mins ,N/A,Dishwasher.,Whirlpool,In Stock,https://www.partselect.com/PS11755736-Whirlpool-WPW10503548-Dishwasher-Retainer-Clip.htm?SourceCode=18
Dishwasher Heating Element Brass Nut,PS1524878,154106202,,Really Easy ,15 - 30 mins ,Leaking | Not drying dishes properly,Dishwasher.,Frigidaire,In Stock,https://www.partselect.com/PS1524878-Frigidaire-154106202-Heating-Element-Brass-Nut.htm?SourceCode=18
Dishwasher Rubber Washer,PS11743934,WP717273,,Really Easy ,30 - 60 mins ,Not drying dishes properly | Leaking | Will Not Start | Not cleaning dishes properly,"Dishwasher, Miscellaneous.",Whirlpool,In Stock,https://www.partselect.com/PS11743934-Whirlpool-WP717273-Dishwasher-Rubber-Washer.htm?SourceCode=18
Dishwasher Grommet,PS11756098,WPW10538166,,A Bit Difficult ,1- 2 hours ,Leaking | Not cleaning dishes properly,Dishwasher.,Whirlpool,In Stock,https://www.partselect.com/PS11756098-Whirlpool-WPW10538166-Dishwasher-Grommet.htm?SourceCode=18
Dishwasher Holder,PS8728043,00616990,,Really Easy ,Less than 15 mins ,N/A,Dishwasher.,Bosch,In Stock,https://www.partselect.com/PS8728043-Bosch-00616990-HOLDER.htm?SourceCode=18
Dishwasher Clip,PS11770115,W10919676,,A Bit Difficult ,More than 2 hours ,N/A,Dishwasher.,Whirlpool,In Stock,https://www.partselect.com/PS11770115-Whirlpool-W10919676-Dishwasher-Clip.htm?SourceCode=18
Dishwasher Heating Element,PS8260087,W10518394,66.09,Easy ,30 - 60 mins ,Not drying dishes properly | Not cleaning dishes properly | Will Not Start | Leaking,Dishwasher.,Whirlpool,In Stock,https://www.partselect.com/PS8260087-Whirlpool-W10518394-Dishwasher-Heating-Element.htm?SourceCode=18
Dishwasher Heating Element,PS9494999,W10703867,,Really Easy ,30 - 60 mins ,Not drying dishes properly | Not cleaning dishes properly | Leaking,Dishwasher.,Whirlpool,In Stock,https://www.partselect.com/PS9494999-Whirlpool-W10703867-Dishwasher-Heating-Element.htm?SourceCode=18
Dishwasher Heating Element,PS16729156,WD05X30818,,Easy ,30 - 60 mins ,Not drying dishes properly | Not cleaning dishes properly | Leaking,Dishwasher.,GE,On Order,https://www.partselect.com/PS16729156-GE-WD05X30818-HEATING-ELEMENT.htm?SourceCode=18
Dishwasher Heating Element,PS3653449,154825001,,Easy ,30 - 60 mins ,Not drying dishes properly | Leaking | Not cleaning dishes properly,Dishwasher.,Frigidaire,In Stock,https://www.partselect.com/PS3653449-Frigidaire-154825001-Heating-Element.htm?SourceCode=18
Dishwasher Heater,PS16555270,W11537778,,Easy ,30 - 60 mins ,Leaking | Not drying dishes properly,Dishwasher.,Whirlpool,In Stock,https://www.partselect.com/PS16555270-Whirlpool-W11537778-HEATER.htm?SourceCode=18
Dishwasher Heating Element,PS2355742,154665201,,Easy ,30 - 60 mins ,Not drying dishes properly | Leaking | Not cleaning dishes properly,Dishwasher.,Frigidaire,In Stock,https://www.partselect.com/PS2355742-Frigidaire-154665201-Heating-Element.htm?SourceCode=18
Dishwasher Heating Element,PS11748194,WPW10082892,,Easy ,15 - 30 mins ,Not drying dishes properly | Will Not Start | Not cleaning dishes properly,Dishwasher.,Whirlpool,In Stock,https://www.partselect.com/PS11748194-Whirlpool-WPW10082892-Dishwasher-Heating-Element.htm?SourceCode=18
Dishwasher Heating Element Asm,PS12743133,WD05X26780,,N/A,N/A,Not drying dishes properly | Not cleaning dishes properly,Dishwasher.,GE,In Stock,https://www.partselect.com/PS12743133-GE-WD05X26780-HEATING-ELEMENT-ASM.htm?SourceCode=18
Dishwasher Heater,PS11748195,WPW10082894,,Easy ,15 - 30 mins ,Not drying dishes properly | Not cleaning dishes properly,Dishwasher.,Whirlpool,In Stock,https://www.partselect.com/PS11748195-Whirlpool-WPW10082894-Dishwasher-Heater.htm?SourceCode=18
Dishwasher Heating Element - Only,PS2367647,W10283681,,Easy ,1- 2 hours ,Not drying dishes properly | Not cleaning dishes properly | Leaking,Dishwasher.,Whirlpool,In Stock,https://www.partselect.com/PS2367647-Whirlpool-W10283681-Heating-Element-Element-ONLY.htm?SourceCode=18
Dishwasher Drain Pump,PS16744934,W11612326,,Really Easy ,30 - 60 mins ,Not cleaning dishes properly | Will Not Start | Leaking | Will not fill with water,Dishwasher.,Whirlpool,In Stock,https://www.partselect.com/PS16744934-Whirlpool-W11612326-Drain-Pump.htm?SourceCode=18
Dishwasher Drain Pump 120v 60hz,PS11753379,WPW10348269,80.06,Really Easy ,15 - 30 mins ,Not draining | Leaking | Noisy | Not cleaning dishes properly,Dishwasher.,Whirlpool,In Stock,https://www.partselect.com/PS11753379-Whirlpool-WPW10348269-Dishwasher-Drain-Pump-120v-60hz.htm?SourceCode=18
Dishwasher Circulation Pump W/heater,PS11724988,12008381,,Easy ,1- 2 hours ,Not drying dishes properly | Not cleaning dishes properly | Noisy | Leaking,Dishwasher.,Bosch,In Stock,https://www.partselect.com/PS11724988-Bosch-12008381-Dishwasher-Circulation-Pump-w-Heater.htm?SourceCode=18
Dishwasher Drain Pump -120v 60hz,PS8689824,A00126401,,Really Easy ,30 - 60 mins ,Not draining | Noisy | Leaking,Dishwasher.,Frigidaire,In Stock,https://www.partselect.com/PS8689824-Frigidaire-A00126401-Drain-Pump-120V-60Hz.htm?SourceCode=18
Dishwasher Pump-drain,PS11704799,00631200,,N/A,N/A,Not draining | Noisy | Will Not Start,Dishwasher.,Bosch,In Stock,https://www.partselect.com/PS11704799-Bosch-00631200-PUMP-DRAIN.htm?SourceCode=18
Dishwasher Drain Pump,PS11738151,W10876537,,Really Easy ,15 - 30 mins ,Not draining | Leaking,Dishwasher.,Whirlpool,In Stock,https://www.partselect.com/PS11738151-Whirlpool-W10876537-Dishwasher-Drain-Pump.htm?SourceCode=18
Dishwasher Chopper Assembly,PS1734917,W10083957,,Easy ,30 - 60 mins ,Not cleaning dishes properly | Noisy | Not draining | Will Not Start,Dishwasher.,Whirlpool,In Stock,https://www.partselect.com/PS1734917-Whirlpool-W10083957-Chopper-Assembly.htm?SourceCode=18
Dishwasher Drain Pump Kit,PS12582714,WD19X24829,,Really Easy ,15 - 30 mins ,Not draining | Leaking,Dishwasher.,GE,In Stock,https://www.partselect.com/PS12582714-GE-WD19X24829-Drain-Pump-Kit.htm?SourceCode=18
Dishwasher Drain Pump,PS12730507,WD19X25461,,N/A,N/A,Not draining,Dishwasher.,GE,In Stock,https://www.partselect.com/PS12730507-GE-WD19X25461-DRAIN-PUMP.htm?SourceCode=18
Dishwasher Circulation Pump,PS16744935,W11612327,,N/A,N/A,Not cleaning dishes properly | Will not fill with water,Dishwasher.,Whirlpool,In Stock,https://www.partselect.com/PS16744935-Whirlpool-W11612327-Circulation-Pump.htm?SourceCode=18
Dishwasher Latch,PS16218716,5304525218,,Really Easy ,30 - 60 mins ,Door latch failure | Will Not Start | Door won’t close | Leaking,Dishwasher.,Frigidaire,In Stock,https://www.partselect.com/PS16218716-Frigidaire-5304525218-Latch.htm?SourceCode=18
Dishwasher Door Handle And Latch Assembly With Switch,PS11748729,WPW10130695,,Easy ,15 - 30 mins ,Door latch failure | Will Not Start | Door won’t close | Leaking,Dishwasher.,Whirlpool,In Stock,https://www.partselect.com/PS11748729-Whirlpool-WPW10130695-Dishwasher-Door-Handle-And-Latch-Assembly-with-Switch.htm?SourceCode=18
Dishwasher Dryer Door Catch Kit,PS334230,279570,,Easy ,Less than 15 mins ,Door won’t close | Door Pops Open | Lid or door won’t close | Won’t Start,"Dryer, Washer Dryer Combo, Dishwasher, Laundry Accessories.",Whirlpool,In Stock,https://www.partselect.com/PS334230-Whirlpool-279570-Dryer-Door-Catch-Kit.htm?SourceCode=18
Dishwasher Door Latch,PS6447681,WD21X10490,,Really Easy ,30 - 60 mins ,Will Not Start | Door latch failure | Door won’t close,Dishwasher.,GE,In Stock,https://www.partselect.com/PS6447681-GE-WD21X10490-Door-Latch.htm?SourceCode=18
Dishwasher Black Door Latch,PS11756967,WPW10653840,,Easy ,1- 2 hours ,Door latch failure | Door won’t close | Will Not Start | Leaking,Dishwasher.,Whirlpool,In Stock,https://www.partselect.com/PS11756967-Whirlpool-WPW10653840-Black-Door-Latch.htm?SourceCode=18
Dishwasher Door Latch,PS16659468,WD01X29878,,Easy ,30 - 60 mins ,Door latch failure | Will Not Start,Dishwasher.,GE,In Stock,https://www.partselect.com/PS16659468-GE-WD01X29878-DOOR-LATCH.htm?SourceCode=18
Dishwasher Latch Assembly,PS16218717,5304525219,,N/A,N/A,Door latch failure | Will Not Start | Door won’t close,Dishwasher.,Frigidaire,In Stock,https://www.partselect.com/PS16218717-Frigidaire-5304525219-LATCH-ASSEMBLY.htm?SourceCode=18
Dishwasher Door Latch Assembly,PS11731673,W10862259,,Really Easy ,15 - 30 mins ,Door latch failure | Door won’t close | Will Not Start,Dishwasher.,Whirlpool,In Stock,https://www.partselect.com/PS11731673-Whirlpool-W10862259-Door-Latch-Assembly.htm?SourceCode=18
Dishwasher Door Latch (black),PS8770043,W10619006,,Easy ,30 - 60 mins ,Door latch failure | Will Not Start | Door won’t close | Leaking,Dishwasher.,Whirlpool,In Stock,https://www.partselect.com/PS8770043-Whirlpool-W10619006-Dishwasher-Door-Latch-Black.htm?SourceCode=18
Dishwasher Latch Door,PS17219598,5304535183,,Really Easy ,15 - 30 mins ,Door latch failure | Door won’t close | Will Not Start,Dishwasher.,Frigidaire,In Stock,https://www.partselect.com/PS17219598-Frigidaire-5304535183-LATCH-DOOR.htm?SourceCode=18
Dishwasher Access Valve,PS16746057,10023852,,Easy ,1- 2 hours ,Leaking | Will not fill with water | Will Not Start | Not draining,Dishwasher.,Bosch,In Stock,https://www.partselect.com/PS16746057-Bosch-10023852-Access-Valve.htm?SourceCode=18
Dishwasher Water Inlet Valve (120v 60hz),PS1990907,154637401,,Easy ,15 - 30 mins ,Leaking | Will not fill with water | Not cleaning dishes properly | Not draining,Dishwasher.,Frigidaire,In Stock,https://www.partselect.com/PS1990907-Frigidaire-154637401-Water-Inlet-Valve-120v-60hz.htm?SourceCode=18
Dishwasher Inlet Valve,PS12578165,W11175771,,Really Easy ,15 - 30 mins ,Will not fill with water | Leaking | Not cleaning dishes properly | Noisy,Dishwasher.,Whirlpool,In Stock,https://www.partselect.com/PS12578165-Whirlpool-W11175771-Dishwasher-INLET-VALVE.htm?SourceCode=18
Dishwasher Water Valve & Harness Assembly,PS12743161,WD15X26140,,Really Easy ,15 - 30 mins ,Will not fill with water | Leaking | Not cleaning dishes properly,Dishwasher.,GE,On Order,https://www.partselect.com/PS12743161-GE-WD15X26140-Water-Valve-Harness-Assembly.htm?SourceCode=18
Dishwasher Water Valve,PS8728724,00622058,,Really Easy ,15 - 30 mins ,Leaking | Will not fill with water | Not cleaning dishes properly | Not draining,Dishwasher.,Bosch,In Stock,https://www.partselect.com/PS8728724-Bosch-00622058-Water-Valve.htm?SourceCode=18
Dishwasher Water Inlet Valve,PS16217908,W11434044,,Really Easy ,30 - 60 mins ,Leaking | Will not fill with water,Dishwasher.,Whirlpool,In Stock,https://www.partselect.com/PS16217908-Whirlpool-W11434044-Water-Inlet-Valve.htm?SourceCode=18
Dishwasher Inlet Valve,PS3654179,WD15X10014,,Really Easy ,30 - 60 mins ,Leaking | Will not fill with water | Not cleaning dishes properly | Not draining,Dishwasher.,GE,In Stock,https://www.partselect.com/PS3654179-GE-WD15X10014-Dishwasher-Inlet-Valve.htm?SourceCode=18
Dishwasher Water Valve Assembly,PS16219694,WD15X27703,,N/A,N/A,Leaking | Will not fill with water,Dishwasher.,GE,In Stock,https://www.partselect.com/PS16219694-GE-WD15X27703-Water-Valve-Assembly.htm?SourceCode=18
Dishwasher Water Inlet Valve,PS11749213,WPW10158389,,Easy ,30 - 60 mins ,Leaking | Will not fill with water | Not cleaning dishes properly | Noisy,Dishwasher.,Whirlpool,In Stock,https://www.partselect.com/PS11749213-Whirlpool-WPW10158389-Dishwasher-Water-Inlet-Valve.htm?SourceCode=18
Dishwasher Water Inlet Valve,PS11752927,WPW10327249,,Very Easy ,15 - 30 mins ,Will not fill with water | Leaking | Not cleaning dishes properly | Noisy,Dishwasher.,Whirlpool,In Stock,https://www.partselect.com/PS11752927-Whirlpool-WPW10327249-Water-Inlet-Valve.htm?SourceCode=18
Dishwasher Dish Rack Adjuster Kit (left And Right Side),PS10064063,W10712394,,Easy ,30 - 60 mins ,Door won’t close | Not cleaning dishes properly | Door latch failure | Leaking,Dishwasher.,Whirlpool,In Stock,https://www.partselect.com/PS10064063-Whirlpool-W10712394-Dishwasher-Dish-Rack-Adjuster-Kit-Left-And-Right-Side.htm?SourceCode=18
Dishwasher Lower Dishrack,PS12730058,20000533,,Very Easy ,Less than 15 mins ,N/A,Dishwasher.,Bosch,On Order,https://www.partselect.com/PS12730058-Bosch-20000533-Lower-Dishrack.htm?SourceCode=18
Dishwasher Lower Rack & Swb Replacement Kit,PS16618974,WD28X28918,,Very Easy ,Less than 15 mins ,Not cleaning dishes properly,Dishwasher.,GE,In Stock,https://www.partselect.com/PS16618974-GE-WD28X28918-Lower-Rack-SWB-Replacement-Kit.htm?SourceCode=18
Dishwasher Lower Dishrack,PS10057160,W10728159,,Really Easy ,Less than 15 mins ,N/A,Dishwasher.,Whirlpool,In Stock,https://www.partselect.com/PS10057160-Whirlpool-W10728159-Dishwasher-Lower-Dishrack.htm?SourceCode=18
Dishwasher Lower Rack,PS17137102,WD28X31819,,Really Easy ,15 - 30 mins ,Not cleaning dishes properly,Dishwasher.,GE,In Stock,https://www.partselect.com/PS17137102-GE-WD28X31819-LOWER-RACK.htm?SourceCode=18
Dishwasher Tine Holder,PS8712513,00418498,,Very Easy ,Less than 15 mins ,N/A,Dishwasher.,Bosch,In Stock,https://www.partselect.com/PS8712513-Bosch-00418498-Dishwasher-Tine-Holder.htm?SourceCode=18
Dishwasher Lower Dishrack W/wheels Gray,PS8746204,WD28X10384,,Really Easy ,Less than 15 mins ,Not cleaning dishes properly,Dishwasher.,GE,In Stock,https://www.partselect.com/PS8746204-GE-WD28X10384-Dishwasher-Lower-Dishrack-w-Wheels-Gray.htm?SourceCode=18
Dishwasher 00 Lower Dishrack,PS8701740,00249276,,N/A,N/A,N/A,Dishwasher.,Bosch,On Order,https://www.partselect.com/PS8701740-Bosch-00249276-00-Lower-Dishrack.htm?SourceCode=18
Dishwasher Upper Dishrack W/wheels,PS2379463,5304475618,,Easy ,15 - 30 mins ,N/A,Dishwasher.,Frigidaire,In Stock,https://www.partselect.com/PS2379463-Frigidaire-5304475618-Upper-Dishrack-w-Wheels.htm?SourceCode=18
Dishwasher Lower Dishrack,PS2379469,5304475624,,N/A,N/A,N/A,Dishwasher.,Frigidaire,In Stock,https://www.partselect.com/PS2379469-Frigidaire-5304475624-Lower-Dishrack.htm?SourceCode=18
Dishwasher Drain Hose,PS9494138,807117001,,Really Easy ,15 - 30 mins ,Leaking | Not draining | Not cleaning dishes properly,Dishwasher.,Frigidaire,In Stock,https://www.partselect.com/PS9494138-Frigidaire-807117001-Dishwasher-Drain-Hose.htm?SourceCode=18
Dishwasher Hose Drain Assembly,PS16621806,AEM74333104,,N/A,N/A,Leaking | Not draining,Dishwasher.,LG,In Stock,https://www.partselect.com/PS16621806-LG-AEM74333104-Hose-Drain-Assembly.htm?SourceCode=18
Dishwasher Hosedrain,PS8737004,00744881,,N/A,N/A,Leaking | Not draining,Dishwasher.,Bosch,In Stock,https://www.partselect.com/PS8737004-Bosch-00744881-Dishwasher-Hosedrain.htm?SourceCode=18
Dishwasher Conduit Mid Assembly,PS6883615,WD22X10094,,Very Easy ,Less than 15 mins ,Not cleaning dishes properly,Dishwasher.,GE,In Stock,https://www.partselect.com/PS6883615-GE-WD22X10094-Dishwasher-Conduit-Mid-Assembly.htm?SourceCode=18
Dishwasher Water Supply Feed Tube,PS11770593,5304507087,,A Bit Difficult ,1- 2 hours ,Leaking,Dishwasher.,Frigidaire,In Stock,https://www.partselect.com/PS11770593-Frigidaire-5304507087-Water-Supply-Feed-Tube.htm?SourceCode=18
Dishwasher Drain Hose,PS11756139,WPW10545278,,N/A,N/A,Leaking | Not draining | Not cleaning dishes properly,Dishwasher.,Whirlpool,In Stock,https://www.partselect.com/PS11756139-Whirlpool-WPW10545278-Dishwasher-Drain-Hose.htm?SourceCode=18
Dishwasher Drain Hose,PS2358130,8269144A,,Really Easy ,15 - 30 mins ,Leaking | Not draining | Not cleaning dishes properly,Dishwasher.,Whirlpool,In Stock,https://www.partselect.com/PS2358130-Whirlpool-8269144A-Dishwasher-Drain-Hose.htm?SourceCode=18
Dishwasher Drain Hose,PS11760658,AEM69493808,,Really Easy ,30 - 60 mins ,Leaking | Not draining,Dishwasher.,LG,In Stock,https://www.partselect.com/PS11760658-LG-AEM69493808-Drain-Hose.htm?SourceCode=18
Dishwasher Sump Drain Hose,PS8730294,00645149,,N/A,N/A,Leaking,Dishwasher.,Bosch,In Stock,https://www.partselect.com/PS8730294-Bosch-00645149-Sump-Drain-Hose.htm?SourceCode=18
Dishwasher Tube,PS12072215,11018097,,Very Easy ,15 - 30 mins ,Not cleaning dishes properly | Leaking,Dishwasher.,Bosch,In Stock,https://www.partselect.com/PS12072215-Bosch-11018097-TUBE.htm?SourceCode=18
Dishwasher Filter,PS11759673,W10872845,,Very Easy ,Less than 15 mins ,Not cleaning dishes properly | Not draining | Not drying dishes properly | Leaking,Dishwasher.,Whirlpool,In Stock,https://www.partselect.com/PS11759673-Whirlpool-W10872845-Dishwasher-Filter.htm?SourceCode=18
Dishwasher Filter,PS11770489,5304506525,,Really Easy ,Less than 15 mins ,Not cleaning dishes properly | Not draining | Noisy,Dishwasher.,Frigidaire,In Stock,https://www.partselect.com/PS11770489-Frigidaire-5304506525-Dishwasher-Filter.htm?SourceCode=18
Dishwasher Screen,PS11755148,WPW10463906,,Really Easy ,Less than 15 mins ,Not cleaning dishes properly | Not draining | Leaking,Dishwasher.,Whirlpool,In Stock,https://www.partselect.com/PS11755148-Whirlpool-WPW10463906-Screen.htm?SourceCode=18
Dishwasher Filter-micro,PS8730270,00645038,,Really Easy ,15 - 30 mins ,Not cleaning dishes properly | Not draining,Dishwasher.,Bosch,In Stock,https://www.partselect.com/PS8730270-Bosch-00645038-FILTER-MICRO.htm?SourceCode=18
Dishwasher Filter Base,PS11770494,5304506533,,Really Easy ,15 - 30 mins ,Not cleaning dishes properly | Not draining,Dishwasher.,Frigidaire,In Stock,https://www.partselect.com/PS11770494-Frigidaire-5304506533-Filter-Base.htm?SourceCode=18
Dishwasher Ultra Fine Filter Kit,PS12342852,WD49X24057,,Very Easy ,Less than 15 mins ,Not cleaning dishes properly,Dishwasher.,GE,In Stock,https://www.partselect.com/PS12342852-GE-WD49X24057-Dishwasher-Ultra-Fine-Filter-Kit.htm?SourceCode=18
Dishwasher Circulation Pump Filter Assembly,PS16875644,W11643383,,N/A,N/A,Not cleaning dishes properly,Dishwasher.,Whirlpool,In Stock,https://www.partselect.com/PS16875644-Whirlpool-W11643383-Circulation-Pump-Filter-Assembly.htm?SourceCode=18
Dishwasher User Cleanable Fine Filter And Basket Assembly,PS16217023,WD12X25995,,N/A,N/A,N/A,Dishwasher.,GE,In Stock,https://www.partselect.com/PS16217023-GE-WD12X25995-User-Cleanable-Fine-Filter-And-Basket-Assembly.htm?SourceCode=18
Dishwasher Plastic Course Filter,PS12741267,WD22X25465,,N/A,N/A,N/A,Dishwasher.,GE,In Stock,https://www.partselect.com/PS12741267-GE-WD22X25465-PLASTIC-COURSE-FILTER.htm?SourceCode=18
Dishwasher Drain Trap,PS420500,154252701,,Really Easy ,15 - 30 mins ,Not cleaning dishes properly | Not draining,Dishwasher.,Frigidaire,In Stock,https://www.partselect.com/PS420500-Frigidaire-154252701-Drain-Trap.htm?SourceCode=18
Dishwasher Mounting Bracket,PS11745496,WP8269145,,Really Easy ,Less than 15 mins ,Door latch failure | Door won’t close | Leaking,Dishwasher.,Whirlpool,In Stock,https://www.partselect.com/PS11745496-Whirlpool-WP8269145-Dishwasher-Mounting-Bracket.htm?SourceCode=18
Dishwasher Mounting Bracket,PS8728568,00619985,,Really Easy ,15 - 30 mins ,Door latch failure,Dishwasher.,Bosch,In Stock,https://www.partselect.com/PS8728568-Bosch-00619985-Mounting-Bracket.htm?SourceCode=18
Dishwasher Countertop Bracket,PS16219683,WD01X27759,,N/A,N/A,N/A,Dishwasher.,GE,In Stock,https://www.partselect.com/PS16219683-GE-WD01X27759-COUNTERTOP-BRACKET.htm?SourceCode=18
Dishwasher Bracket Countertop,PS11700868,WD01X21740,,N/A,N/A,N/A,Dishwasher.,GE,In Stock,https://www.partselect.com/PS11700868-GE-WD01X21740-Dishwasher-Bracket-Countertop.htm?SourceCode=18
Dishwasher Tine Bracket,PS11770479,5304506508,,N/A,N/A,N/A,Dishwasher.,Frigidaire,In Stock,https://www.partselect.com/PS11770479-Frigidaire-5304506508-Tine-Bracket.htm?SourceCode=18
Dishwasher Install Bracket,PS10058975,DD61-00465A,,N/A,N/A,N/A,"Dishwasher, Washer.",Samsung,On Order,https://www.partselect.com/PS10058975-Samsung-DD61-00465A-Install-Bracket.htm?SourceCode=18
Dishwasher Packing,PS17267570,3920DD3005H,,Easy ,30 - 60 mins ,Leaking,Dishwasher.,LG,In Stock,https://www.partselect.com/PS17267570-LG-3920DD3005H-PACKING.htm?SourceCode=18
Dishwasher Side Mounting Bracket Kit,PS1487167,8212560,,N/A,N/A,Door won’t close,Dishwasher.,Whirlpool,In Stock,https://www.partselect.com/PS1487167-Whirlpool-8212560-Side-Mounting-Bracket-Kit.htm?SourceCode=18
Dishwasher Guide,PS8728859,00623536,,Really Easy ,Less than 15 mins ,Door latch failure | Door won’t close,Dishwasher.,Bosch,In Stock,https://www.partselect.com/PS8728859-Bosch-00623536-GUIDE.htm?SourceCode=18
Dishwasher Rack Bracket - 3 Wheels,PS11762946,WD12X22801,,N/A,N/A,N/A,Dishwasher.,GE,In Stock,https://www.partselect.com/PS11762946-GE-WD12X22801-RACK-BRACKET-3-WHEELS.htm?SourceCode=18
Dishwasher Door Balance Link Kit,PS972325,8194001,,Easy ,30 - 60 mins ,Door latch failure | Door won’t close | Noisy | Leaking,Dishwasher.,Whirlpool,In Stock,https://www.partselect.com/PS972325-Whirlpool-8194001-Dishwasher-Door-Balance-Link-Kit.htm?SourceCode=18
Dishwasher Connector Assembly,PS3524406,4933DD3001B,,Really Easy ,30 - 60 mins ,Door latch failure | Door won’t close,Dishwasher.,LG,In Stock,https://www.partselect.com/PS3524406-LG-4933DD3001B-Dishwasher-Connector-Assembly.htm?SourceCode=18
Dishwasher Friction Sleeve,PS11745488,WP8268961,,Really Easy ,15 - 30 mins ,Door latch failure | Door won’t close | Noisy,Dishwasher.,Whirlpool,In Stock,https://www.partselect.com/PS11745488-Whirlpool-WP8268961-Dishwasher-Friction-Sleeve.htm?SourceCode=18
Dishwasher Door Spring Linkage,PS11746857,WP912653,,Easy ,30 - 60 mins ,Door latch failure | Door won’t close | Leaking,Dishwasher.,Whirlpool,In Stock,https://www.partselect.com/PS11746857-Whirlpool-WP912653-Door-Spring-Linkage.htm?SourceCode=18
Dishwasher Hinge Arm Link,PS259336,WD14X10009,,Really Easy ,30 - 60 mins ,Door latch failure | Door won’t close,Dishwasher.,GE,In Stock,https://www.partselect.com/PS259336-GE-WD14X10009-Dishwasher-Hinge-Arm-Link.htm?SourceCode=18
Dishwasher Door Cable,PS8727128,00610087,,N/A,N/A,Door latch failure | Door won’t close,Dishwasher.,Bosch,In Stock,https://www.partselect.com/PS8727128-Bosch-00610087-Dishwasher-Door-Cable.htm?SourceCode=18
Dishwasher Door Hinge Cable,PS2345660,WD01X10393,,Really Easy ,30 - 60 mins ,Door latch failure | Door won’t close,Dishwasher.,GE,In Stock,https://www.partselect.com/PS2345660-GE-WD01X10393-Dishwasher-Door-Hinge-Cable.htm?SourceCode=18
Dishwasher Door Hinge Kit,PS12365372,5304513274,,Easy ,30 - 60 mins ,Door won’t close | Leaking | Door latch failure,Dishwasher.,Frigidaire,In Stock,https://www.partselect.com/PS12365372-Frigidaire-5304513274-Door-Hinge-Kit.htm?SourceCode=18
Dishwasher Door Cable,PS7320283,WD01X10569,,Really Easy ,30 - 60 mins ,Door latch failure | Door won’t close,Dishwasher.,GE,In Stock,https://www.partselect.com/PS7320283-GE-WD01X10569-Dishwasher-Door-Cable.htm?SourceCode=18
Dishwasher Door Cable Link,PS11747772,WP99003446,,Really Easy ,30 - 60 mins ,Door latch failure | Door won’t close,Dishwasher.,Whirlpool,In Stock,https://www.partselect.com/PS11747772-Whirlpool-WP99003446-Dishwasher-Door-Cable-Link.htm?SourceCode=18
Dishwasher Detergent Dispenser,PS11731570,W10861000,,Easy ,30 - 60 mins ,Will not dispense detergent | Door latch failure | Not cleaning dishes properly,Dishwasher.,Whirlpool,In Stock,https://www.partselect.com/PS11731570-Whirlpool-W10861000-Detergent-Dispenser.htm?SourceCode=18
Dishwasher Diverter Assembly Kit,PS12710077,WD19X25278,,A Bit Difficult ,More than 2 hours ,Leaking,Dishwasher.,GE,In Stock,https://www.partselect.com/PS12710077-GE-WD19X25278-DIVERTER-ASSEMBLY-KIT.htm?SourceCode=18
Dishwasher Detergent Dispenser Assembly,PS11750167,WPW10199696,,Easy ,30 - 60 mins ,Will not dispense detergent | Door latch failure | Not cleaning dishes properly | Leaking,Dishwasher.,Whirlpool,In Stock,https://www.partselect.com/PS11750167-Whirlpool-WPW10199696-Dishwasher-Detergent-Dispenser-Assembly.htm?SourceCode=18
Dishwasher Detergent Dispenser,PS11770487,5304506521,,Really Easy ,30 - 60 mins ,Will not dispense detergent | Not cleaning dishes properly | Leaking | Door latch failure,Dishwasher.,Frigidaire,In Stock,https://www.partselect.com/PS11770487-Frigidaire-5304506521-Detergent-Dispenser.htm?SourceCode=18
Dishwasher Dispenser,PS11724987,12008380,,N/A,N/A,Will not dispense detergent | Leaking,Dishwasher.,Bosch,In Stock,https://www.partselect.com/PS11724987-Bosch-12008380-DISPENSER.htm?SourceCode=18
Dishwasher Diverter Assembly,PS12743165,WD19X25466,,N/A,N/A,Not cleaning dishes properly,Dishwasher.,GE,In Stock,https://www.partselect.com/PS12743165-GE-WD19X25466-Diverter-Assembly.htm?SourceCode=18
Dishwasher Detergent And Rinse Aid Dispenser,PS11746408,WP8558129,,Easy ,30 - 60 mins ,Will not dispense detergent | Door latch failure | Not cleaning dishes properly | Door won’t close,Dishwasher.,Whirlpool,In Stock,https://www.partselect.com/PS11746408-Whirlpool-WP8558129-Dishwasher-Detergent-And-Rinse-Aid-Dispenser.htm?SourceCode=18
Dishwasher Dispenser,PS16731713,A00130341,,N/A,N/A,Will not dispense detergent,Dishwasher.,Frigidaire,In Stock,https://www.partselect.com/PS16731713-Frigidaire-A00130341-DISPENSER.htm?SourceCode=18
Dishwasher Dispenser (blue),PS17629315,W11705150,,Really Easy ,30 - 60 mins ,Will not dispense detergent | Door latch failure | Not cleaning dishes properly,Dishwasher.,Whirlpool,In Stock,https://www.partselect.com/PS17629315-Whirlpool-W11705150-Dispenser-Blue.htm?SourceCode=18
Dishwasher Dispenser,PS8730305,00645208,,N/A,N/A,Will not dispense detergent | Leaking | Not cleaning dishes properly,Dishwasher.,Bosch,In Stock,https://www.partselect.com/PS8730305-Bosch-00645208-DISPENSER.htm?SourceCode=18
Dishwasher Spring And Cable Assembly,PS16620843,5304530071,,Very Easy ,15 - 30 mins ,Door latch failure | Door won’t close,Dishwasher.,Frigidaire,In Stock,https://www.partselect.com/PS16620843-Frigidaire-5304530071-Spring-And-Cable-Assembly.htm?SourceCode=18
Dishwasher Door Spring Kit,PS8770519,00754866,,Really Easy ,30 - 60 mins ,Door latch failure | Door won’t close,Dishwasher.,Bosch,In Stock,https://www.partselect.com/PS8770519-Bosch-00754866-Dishwasher-Door-Spring-Kit.htm?SourceCode=18
Dishwasher Hinge Spring,PS3524564,4970ED4004G,,Easy ,15 - 30 mins ,Door latch failure | Door won’t close,Dishwasher.,LG,In Stock,https://www.partselect.com/PS3524564-LG-4970ED4004G-Dishwasher-Hinge-Spring.htm?SourceCode=18
Dishwasher Door Spring,PS1524996,154579101,,Really Easy ,15 - 30 mins ,Door latch failure | Door won’t close | Noisy,Dishwasher.,Frigidaire,In Stock,https://www.partselect.com/PS1524996-Frigidaire-154579101-Door-Spring.htm?SourceCode=18
Dishwasher Door Spring,PS11745526,WP8270020,,Really Easy ,15 - 30 mins ,Door latch failure | Door won’t close | Noisy,Dishwasher.,Whirlpool,In Stock,https://www.partselect.com/PS11745526-Whirlpool-WP8270020-Dishwasher-Door-Spring.htm?SourceCode=18
Dishwasher Refrigerator Recess Door Spring,PS285013,WR02X10585,,Easy ,30 - 60 mins ,Door latch failure | Door Sweating | Ice maker won’t dispense ice | Door won’t open or close,"Refrigerator, Dishwasher.",GE,In Stock,https://www.partselect.com/PS285013-GE-WR02X10585-Refrigerator-Recess-Door-Spring.htm?SourceCode=18
Dishwasher Door Spring,PS815938,154430501,,Really Easy ,15 - 30 mins ,Door latch failure | Door won’t close,Dishwasher.,Frigidaire,In Stock,https://www.partselect.com/PS815938-Frigidaire-154430501-Door-Spring.htm?SourceCode=18
Dishwasher Spring,PS11753142,WPW10337934,,A Bit Difficult ,30 - 60 mins ,Door latch failure | Door won’t close,Dishwasher.,Whirlpool,In Stock,https://www.partselect.com/PS11753142-Whirlpool-WPW10337934-Spring.htm?SourceCode=18
Dishwasher Door Spring,PS11746856,WP912652,,Easy ,30 - 60 mins ,Door latch failure | Door won’t close | Leaking,Dishwasher.,Whirlpool,In Stock,https://www.partselect.com/PS11746856-Whirlpool-WP912652-Door-Spring.htm?SourceCode=18
Dishwasher Detergent Lid Spring,PS11744874,WP8066018,,Easy ,15 - 30 mins ,Will not dispense detergent | Door latch failure | Not cleaning dishes properly | Door won’t close,Dishwasher.,Whirlpool,In Stock,https://www.partselect.com/PS11744874-Whirlpool-WP8066018-Dishwasher-Detergent-Lid-Spring.htm?SourceCode=18
Dishwasher Stop Clip,PS11770481,5304506510,,Really Easy ,Less than 15 mins ,N/A,Dishwasher.,Frigidaire,In Stock,https://www.partselect.com/PS11770481-Frigidaire-5304506510-Stop-Clip.htm?SourceCode=18
Dishwasher End Cap,PS7783360,WD12X10426,,Very Easy ,15 - 30 mins ,N/A,Dishwasher.,GE,In Stock,https://www.partselect.com/PS7783360-GE-WD12X10426-Dishwasher-End-Cap.htm?SourceCode=18
Dishwasher Rinse Aid Cap,PS11746426,WP8558307,,Really Easy ,Less than 15 mins ,Leaking | Will not dispense detergent | Not cleaning dishes properly | Not drying dishes properly,Dishwasher.,Whirlpool,In Stock,https://www.partselect.com/PS11746426-Whirlpool-WP8558307-Dishwasher-Rinse-Aid-Cap.htm?SourceCode=18
Dishwasher Rinse Aid Cap,PS421128,154388801,,Really Easy ,15 - 30 mins ,Leaking | Will not dispense detergent | Not cleaning dishes properly | Not drying dishes properly,Dishwasher.,Frigidaire,In Stock,https://www.partselect.com/PS421128-Frigidaire-154388801-Rinse-Aid-Cap.htm?SourceCode=18
Dishwasher Rinse Aid Cap,PS11755938,WPW10524919,,Very Easy ,Less than 15 mins ,Not cleaning dishes properly | Leaking | Not drying dishes properly,Dishwasher.,Whirlpool,In Stock,https://www.partselect.com/PS11755938-Whirlpool-WPW10524919-Rinse-Aid-Cap.htm?SourceCode=18
Dishwasher Rinse Aid Cap,PS11748135,WPW10077881,,Really Easy ,Less than 15 mins ,Leaking | Will not dispense detergent | Not cleaning dishes properly | Not drying dishes properly,Dishwasher.,Whirlpool,In Stock,https://www.partselect.com/PS11748135-Whirlpool-WPW10077881-Dishwasher-Rinse-Aid-Cap.htm?SourceCode=18
Dishwasher Rinse Aid Fill Cap,PS2351824,WD12X10284,,Really Easy ,Less than 15 mins ,Will not dispense detergent | Not cleaning dishes properly | Leaking | Not drying dishes properly,Dishwasher.,GE,In Stock,https://www.partselect.com/PS2351824-GE-WD12X10284-Dishwasher-Rinse-Aid-Fill-Cap.htm?SourceCode=18
Dishwasher Lid,PS8697157,00166623,,Very Easy ,Less than 15 mins ,Door latch failure | Door won’t close | Will not dispense detergent | Leaking,Dishwasher.,Bosch,In Stock,https://www.partselect.com/PS8697157-Bosch-00166623-LID.htm?SourceCode=18
Dishwasher Tub Cap,PS11703426,W10795980,,Really Easy ,30 - 60 mins ,Leaking,Dishwasher.,Whirlpool,In Stock,https://www.partselect.com/PS11703426-Whirlpool-W10795980-Dishwasher-Tub-Cap.htm?SourceCode=18
Dishwasher Door Guide Cap,PS12721288,DD67-00113B,,N/A,N/A,N/A,"Dishwasher, Washer.",Samsung,On Order,https://www.partselect.com/PS12721288-Samsung-DD67-00113B-Door-Guide-Cap.htm?SourceCode=18
Dishwasher High Limit Thermostat,PS11743423,WP661566,,Easy ,30 - 60 mins ,Not drying dishes properly | Will Not Start | Not cleaning dishes properly,"Dishwasher, Miscellaneous.",Whirlpool,In Stock,https://www.partselect.com/PS11743423-Whirlpool-WP661566-Dishwasher-High-Limit-Thermostat.htm?SourceCode=18
Dishwasher Thermostat,PS11750035,WPW10195091,,Easy ,30 - 60 mins ,Not drying dishes properly | Not cleaning dishes properly | Will Not Start,Dishwasher.,Whirlpool,In Stock,https://www.partselect.com/PS11750035-Whirlpool-WPW10195091-Dishwasher-Thermostat.htm?SourceCode=18
Dishwasher Thermostat,PS16218719,5304525221,,N/A,N/A,Not drying dishes properly,Dishwasher.,Frigidaire,In Stock,https://www.partselect.com/PS16218719-Frigidaire-5304525221-THERMOSTAT.htm?SourceCode=18
Dishwasher Dryer Cycling Thermostat,PS11757517,WPY304474,,Really Easy ,30 - 60 mins ,Too hot,"Dryer, Dishwasher.",Whirlpool,In Stock,https://www.partselect.com/PS11757517-Whirlpool-WPY304474-Dryer-Cycling-Thermostat.htm?SourceCode=18
Dishwasher Thermostat,PS16660576,W11573758,,N/A,N/A,N/A,Dishwasher.,Whirlpool,In Stock,https://www.partselect.com/PS16660576-Whirlpool-W11573758-THERMOSTAT.htm?SourceCode=18
Dishwasher High Limit Thermostat,PS420575,154290204,,Easy ,30 - 60 mins ,Not drying dishes properly | Not cleaning dishes properly,Dishwasher.,Frigidaire,In Stock,https://www.partselect.com/PS420575-Frigidaire-154290204-High-Limit-Thermostat.htm?SourceCode=18
Dishwasher Thermostat,PS8746670,154227811,,N/A,N/A,N/A,Dishwasher.,Frigidaire,In Stock,https://www.partselect.com/PS8746670-Frigidaire-154227811-THERMOSTAT.htm?SourceCode=18
Dishwasher Thermostat Assembly,PS12085632,DD81-02263A,,N/A,N/A,N/A,Dishwasher.,Samsung,On Order,https://www.partselect.com/PS12085632-Samsung-DD81-02263A-Thermostat-Assembly.htm?SourceCode=18
Dishwasher Thermostat Limiting,PS1150990,5304452032,,N/A,N/A,N/A,Dishwasher.,Frigidaire,Special Order,https://www.partselect.com/PS1150990-Frigidaire-5304452032-Thermostat-limiting.htm?SourceCode=18
Dishwasher Thermostat,PS12705685,5304519282,,N/A,N/A,N/A,Dishwasher.,Frigidaire,Special Order,https://www.partselect.com/PS12705685-Frigidaire-5304519282-THERMOSTAT.htm?SourceCode=18
Dishwasher Flood Switch,PS8690623,WD21X10519,,Easy ,30 - 60 mins ,Not drying dishes properly | Will not fill with water | Not cleaning dishes properly | Not draining,Dishwasher.,GE,In Stock,https://www.partselect.com/PS8690623-GE-WD21X10519-Dishwasher-Flood-Switch.htm?SourceCode=18
Dishwasher Drain Solenoid And Bracket Assembly,PS1481923,WD21X10268,,Easy ,30 - 60 mins ,Not draining | Leaking | Will not fill with water,Dishwasher.,GE,In Stock,https://www.partselect.com/PS1481923-GE-WD21X10268-Drain-Solenoid-and-Bracket-Assembly.htm?SourceCode=18
Dishwasher Dryer Switch,PS1481922,WD21X10261,,Really Easy ,30 - 60 mins ,Will Not Start | Won’t Start | Door latch failure,"Dishwasher, Dryer, Washer Dryer Combo.",GE,In Stock,https://www.partselect.com/PS1481922-GE-WD21X10261-Dryer-Switch.htm?SourceCode=18
Dishwasher Overfill Control Switch,PS11750031,WPW10195039,,Really Easy ,Less than 15 mins ,Leaking | Will not fill with water | Not draining,"Dishwasher, Dryer.",Whirlpool,In Stock,https://www.partselect.com/PS11750031-Whirlpool-WPW10195039-Dishwasher-Overfill-Control-Switch.htm?SourceCode=18
Dishwasher Switch Assembly,PS12585690,5304517587,,Really Easy ,30 - 60 mins ,Will Not Start,Dishwasher.,Frigidaire,In Stock,https://www.partselect.com/PS12585690-Frigidaire-5304517587-Dishwasher-Switch-Assembly.htm?SourceCode=18
Dishwasher User Interface Control Button Assembly,PS12585991,5304518467,,N/A,N/A,Will Not Start,Dishwasher.,Frigidaire,In Stock,https://www.partselect.com/PS12585991-Frigidaire-5304518467-Dishwasher-User-Interface-Control-Button-Assembly.htm?SourceCode=18
Dishwasher Door Switch,PS12394435,DD81-02132A,,Really Easy ,15 - 30 mins ,Door latch failure | Door won’t close,Dishwasher.,Samsung,In Stock,https://www.partselect.com/PS12394435-Samsung-DD81-02132A-Dishwasher-Door-Switch.htm?SourceCode=18
Dishwasher Float Switch,PS3492842,154773201,,Really Easy ,15 - 30 mins ,Will not fill with water | Leaking | Not draining,Dishwasher.,Frigidaire,In Stock,https://www.partselect.com/PS3492842-Frigidaire-154773201-Float-Switch.htm?SourceCode=18
Dishwasher Switch,PS16555330,W11545764,,N/A,N/A,N/A,Dishwasher.,Whirlpool,In Stock,https://www.partselect.com/PS16555330-Whirlpool-W11545764-SWITCH.htm?SourceCode=18
Dishwasher Door Switches And Holder Assembly,PS2099645,99002254,,Easy ,15 - 30 mins ,Will Not Start | Door latch failure | Door won’t close,Dishwasher.,Whirlpool,In Stock,https://www.partselect.com/PS2099645-Whirlpool-99002254-Door-Switches-and-Holder-Assembly.htm?SourceCode=18
Dishwasher Main Control Board,PS16873737,WD21X32165,,A Bit Difficult ,More than 2 hours ,Will Not Start,Dishwasher.,GE,In Stock,https://www.partselect.com/PS16873737-GE-WD21X32165-Main-Control-Board.htm?SourceCode=18
Dishwasher Configured User Interface Control Board,PS17137058,WD21X31902C,,Easy ,1- 2 hours ,Will Not Start,Dishwasher.,GE,In Stock,https://www.partselect.com/PS17137058-GE-WD21X31902C-Configured-User-Interface-Control-Board.htm?SourceCode=18
Dishwasher Configured Ui Board,PS16762507,WD21X31909,,A Bit Difficult ,30 - 60 mins ,Will Not Start,Dishwasher.,GE,In Stock,https://www.partselect.com/PS16762507-GE-WD21X31909-CONFIGURED-UI-BOARD.htm?SourceCode=18
Dishwasher Configured Ui Board,PS16762502,WD21X31904,,N/A,N/A,Will Not Start,Dishwasher.,GE,In Stock,https://www.partselect.com/PS16762502-GE-WD21X31904-CONFIGURED-UI-BOARD.htm?SourceCode=18
Dishwasher Control Panel,PS11769758,W10910626,,N/A,N/A,Will Not Start,Dishwasher.,Whirlpool,In Stock,https://www.partselect.com/PS11769758-Whirlpool-W10910626-Control-Panel.htm?SourceCode=18
Dishwasher Configured Ui Board,PS16762508,WD21X31910,,Easy ,30 - 60 mins ,Will Not Start,Dishwasher.,GE,In Stock,https://www.partselect.com/PS16762508-GE-WD21X31910-CONFIGURED-UI-BOARD.htm?SourceCode=18
Dishwasher Board,PS12365196,5304512731,,Really Easy ,30 - 60 mins ,Will Not Start,Dishwasher.,Frigidaire,In Stock,https://www.partselect.com/PS12365196-Frigidaire-5304512731-BOARD.htm?SourceCode=18
Dishwasher Configured Ui Board,PS16762497,WD21X31898,,A Bit Difficult ,1- 2 hours ,Will Not Start,Dishwasher.,GE,In Stock,https://www.partselect.com/PS16762497-GE-WD21X31898-CONFIGURED-UI-BOARD.htm?SourceCode=18
Dishwasher 4.1 Amp Control Board Fuse,PS12743197,WD21X25696,,N/A,N/A,Will Not Start,Dishwasher.,GE,In Stock,https://www.partselect.com/PS12743197-GE-WD21X25696-4-1-Amp-Control-Board-Fuse.htm?SourceCode=18
Dishwasher Configured Ui Board,PS16762498,WD21X31899,,Easy ,1- 2 hours ,Will Not Start,Dishwasher.,GE,In Stock,https://www.partselect.com/PS16762498-GE-WD21X31899-CONFIGURED-UI-BOARD.htm?SourceCode=18
Dishwasher Diverter Pump Motor,PS3579323,4681ED3001D,,Easy ,1- 2 hours ,Not cleaning dishes properly | Noisy,Dishwasher.,LG,In Stock,https://www.partselect.com/PS3579323-LG-4681ED3001D-Dishwasher-Diverter-Pump-Motor.htm?SourceCode=18
Dishwasher Motor And Pump Assembly,PS12712308,5304519906,,N/A,N/A,Not cleaning dishes properly | Will Not Start,Dishwasher.,Frigidaire,In Stock,https://www.partselect.com/PS12712308-Frigidaire-5304519906-Motor-and-Pump-Assembly.htm?SourceCode=18
Dishwasher Pump Motor Kit,PS3497737,154844301,,Really Easy ,30 - 60 mins ,Noisy | Not cleaning dishes properly | Leaking | Will Not Start,Dishwasher.,Frigidaire,In Stock,https://www.partselect.com/PS3497737-Frigidaire-154844301-Pump-Motor-Kit.htm?SourceCode=18
Dishwasher Motor,PS5136127,W10537869,,Really Easy ,15 - 30 mins ,Leaking | Not cleaning dishes properly,Dishwasher.,Whirlpool,In Stock,https://www.partselect.com/PS5136127-Whirlpool-W10537869-Motor.htm?SourceCode=18
Dishwasher Pump Motor Assembly,PS16223034,AGM30016301,,N/A,N/A,Noisy,Dishwasher.,LG,In Stock,https://www.partselect.com/PS16223034-LG-AGM30016301-Pump-Motor-Assembly.htm?SourceCode=18
Dishwasher Motor And Pump Kit,PS260801,WD26X10013,,Easy ,1- 2 hours ,Leaking | Not draining | Noisy | Will Not Start,Dishwasher.,GE,In Stock,https://www.partselect.com/PS260801-GE-WD26X10013-Dishwasher-Motor-And-Pump-Kit.htm?SourceCode=18
Dishwasher Circulation Pump And Motor,PS11757388,WPW10757217,,Easy ,1- 2 hours ,Noisy | Not cleaning dishes properly | Will Not Start | Leaking,Dishwasher.,Whirlpool,In Stock,https://www.partselect.com/PS11757388-Whirlpool-WPW10757217-Dishwasher-Circulation-Pump-And-Motor.htm?SourceCode=18
Dishwasher Motor Pump,PS11773089,W11032770,,Really Easy ,1- 2 hours ,Not cleaning dishes properly | Will Not Start | Leaking | Will not fill with water,Dishwasher.,Whirlpool,In Stock,https://www.partselect.com/PS11773089-Whirlpool-W11032770-Motor-Pump.htm?SourceCode=18
Dishwasher Rotor Assembly (upper),PS12085764,DD97-00509A,,N/A,N/A,N/A,Dishwasher.,Samsung,On Order,https://www.partselect.com/PS12085764-Samsung-DD97-00509A-Rotor-Assembly-Upper.htm?SourceCode=18
Dishwasher Circulation Motor & Pump Kit W/harness,PS3501031,154859101,,Easy ,30 - 60 mins ,Not cleaning dishes properly | Leaking | Noisy | Will Not Start,Dishwasher.,Frigidaire,In Stock,https://www.partselect.com/PS3501031-Frigidaire-154859101-Dishwasher-Circulation-Motor-Pump-Kit-w-Harness.htm?SourceCode=18
Dishwasher Wash Arm Bearing Ring,PS11747064,WP9742946,,Really Easy ,Less than 15 mins ,Not cleaning dishes properly | Leaking | Noisy | Not draining,Dishwasher.,Whirlpool,In Stock,https://www.partselect.com/PS11747064-Whirlpool-WP9742946-Dishwasher-Wash-Arm-Bearing-Ring.htm?SourceCode=18
Dishwasher Wash Arm Bearing,PS9492561,807035801,,N/A,N/A,Not cleaning dishes properly,Dishwasher.,Frigidaire,In Stock,https://www.partselect.com/PS9492561-Frigidaire-807035801-Wash-Arm-Bearing.htm?SourceCode=18
Dishwasher Upper Spray Arm Bearing,PS2353863,WD01X10410,,Really Easy ,30 - 60 mins ,Not cleaning dishes properly | Noisy,Dishwasher.,GE,In Stock,https://www.partselect.com/PS2353863-GE-WD01X10410-Dishwasher-Upper-Spray-Arm-Bearing.htm?SourceCode=18
Dishwasher Tine Row Clip,PS8727384,00611472,,N/A,N/A,N/A,Dishwasher.,Bosch,In Stock,https://www.partselect.com/PS8727384-Bosch-00611472-Dishwasher-Tine-Row-Clip.htm?SourceCode=18
Dishwasher Bearing Spring (2),PS11741317,WP3373234,,N/A,N/A,Door won’t close | Door latch failure,Dishwasher.,Whirlpool,In Stock,https://www.partselect.com/PS11741317-Whirlpool-WP3373234-Dishwasher-Bearing-Spring-2.htm?SourceCode=18
Dishwasher Ball Bearing,PS11747746,WP99003068,,N/A,N/A,N/A,Dishwasher.,Whirlpool,In Stock,https://www.partselect.com/PS11747746-Whirlpool-WP99003068-Ball-Bearing.htm?SourceCode=18
Dishwasher Grounding Plate,PS16542416,WD02X26579,,N/A,N/A,N/A,Dishwasher.,GE,In Stock,https://www.partselect.com/PS16542416-GE-WD02X26579-GROUNDING-PLATE.htm?SourceCode=18
Dishwasher 00 Bearing,PS10057898,00632373,,N/A,N/A,N/A,Dishwasher.,Bosch,In Stock,https://www.partselect.com/PS10057898-Bosch-00632373-00-Bearing.htm?SourceCode=18
Dishwasher Bearing,PS10057899,00632374,,N/A,N/A,N/A,Dishwasher.,Bosch,In Stock,https://www.partselect.com/PS10057899-Bosch-00632374-BEARING.htm?SourceCode=18
Dishwasher Lower Wash Arm Bearing,PS11743936,WP719576,,N/A,N/A,Not cleaning dishes properly,Dishwasher.,Whirlpool,In Stock,https://www.partselect.com/PS11743936-Whirlpool-WP719576-Dishwasher-Lower-Wash-Arm-Bearing.htm?SourceCode=18
Dishwasher Pressure Sensor Asm,PS12741258,WD21X25468,,Really Easy ,1- 2 hours ,Will not fill with water | Not draining | Will Not Start,Dishwasher.,GE,In Stock,https://www.partselect.com/PS12741258-GE-WD21X25468-PRESSURE-SENSOR-ASM.htm?SourceCode=18
Dishwasher Turbidity Sensor,PS11757214,WPW10705575,,Easy ,15 - 30 mins ,Not cleaning dishes properly | Not draining | Will Not Start | Leaking,Dishwasher.,Whirlpool,In Stock,https://www.partselect.com/PS11757214-Whirlpool-WPW10705575-Dishwasher-Turbidity-Sensor.htm?SourceCode=18
Dishwasher Sensor Turbidity Assembly,PS11762982,WD21X22830,,N/A,N/A,N/A,Dishwasher.,GE,In Stock,https://www.partselect.com/PS11762982-GE-WD21X22830-SENSOR-TURBIDITY-Assembly.htm?SourceCode=18
Dishwasher Sensor,PS8727345,00611323,,Easy ,15 - 30 mins ,Not draining | Not cleaning dishes properly,Dishwasher.,Bosch,In Stock,https://www.partselect.com/PS8727345-Bosch-00611323-SENSOR.htm?SourceCode=18
Dishwasher 00 Sensor,PS8727335,00611312,,N/A,N/A,Door latch failure | Will Not Start | Door won’t close,Dishwasher.,Bosch,In Stock,https://www.partselect.com/PS8727335-Bosch-00611312-00-Sensor.htm?SourceCode=18
Dishwasher Sensor,PS12745367,W11410464,,N/A,N/A,N/A,Dishwasher.,Whirlpool,In Stock,https://www.partselect.com/PS12745367-Whirlpool-W11410464-SENSOR.htm?SourceCode=18
Dishwasher Sensor Assembly,PS12080273,EBD62065301,,N/A,N/A,N/A,Dishwasher.,LG,In Stock,https://www.partselect.com/PS12080273-LG-EBD62065301-SENSOR-ASSEMBLY.htm?SourceCode=18
Dishwasher Sensor,PS12070543,W11084121,,Really Easy ,30 - 60 mins ,Not cleaning dishes properly,Dishwasher.,Whirlpool,In Stock,https://www.partselect.com/PS12070543-Whirlpool-W11084121-SENSOR.htm?SourceCode=18
Dishwasher Sensor,PS16555933,A00040106,,N/A,N/A,N/A,Dishwasher.,Frigidaire,In Stock,https://www.partselect.com/PS16555933-Frigidaire-A00040106-SENSOR.htm?SourceCode=18
Dishwasher Sensor Turbidity Assembly,PS11762980,WD21X22598,,N/A,N/A,N/A,Dishwasher.,GE,In Stock,https://www.partselect.com/PS11762980-GE-WD21X22598-SENSOR-TURBIDITY-Assembly.htm?SourceCode=18
Dishwasher Insert,PS8769698,00752274,,N/A,N/A,N/A,Dishwasher.,Bosch,In Stock,https://www.partselect.com/PS8769698-Bosch-00752274-INSERT.htm?SourceCode=18
Dishwasher Console Cvr Graphics Assembly,PS11766992,WD34X21699,,N/A,N/A,N/A,Dishwasher.,GE,In Stock,https://www.partselect.com/PS11766992-GE-WD34X21699-CONSOLE-CVR-GRAPHICS-Assembly.htm?SourceCode=18
Dishwasher Insert,PS8731294,00651436,,Really Easy ,30 - 60 mins ,N/A,Dishwasher.,Bosch,In Stock,https://www.partselect.com/PS8731294-Bosch-00651436-INSERT.htm?SourceCode=18
Dishwasher Control Panel,PS8734595,00683958,,N/A,N/A,Door latch failure,Dishwasher.,Bosch,In Stock,https://www.partselect.com/PS8734595-Bosch-00683958-Dishwasher-Control-Panel.htm?SourceCode=18
Dishwasher Insert,PS8769684,00751768,,N/A,N/A,N/A,Dishwasher.,Bosch,In Stock,https://www.partselect.com/PS8769684-Bosch-00751768-INSERT.htm?SourceCode=18
Dishwasher Insert,PS8769685,00751769,,N/A,N/A,N/A,Dishwasher.,Bosch,In Stock,https://www.partselect.com/PS8769685-Bosch-00751769-INSERT.htm?SourceCode=18
Dishwasher Panel Base,PS8737021,00745002,,N/A,N/A,N/A,Dishwasher.,Bosch,In Stock,https://www.partselect.com/PS8737021-Bosch-00745002-Dishwasher-Panel-base.htm?SourceCode=18
Dishwasher Access Panel - Black,PS11755984,WPW10526114,,N/A,N/A,N/A,Dishwasher.,Whirlpool,In Stock,https://www.partselect.com/PS11755984-Whirlpool-WPW10526114-Access-Panel-Black.htm?SourceCode=18
Dishwasher 00 Facia Panel,PS11732296,00773849,,N/A,N/A,Door latch failure,Dishwasher.,Bosch,In Stock,https://www.partselect.com/PS11732296-Bosch-00773849-00-Facia-Panel.htm?SourceCode=18
Dishwasher Insert,N/A,N/A,N/A,N/A,N/A,N/A,N/A,N/A,N/A,https://www.partselect.com/PS8731293-Bosch-00651435-INSERT.htm?SourceCode=18
Dishwasher Upper Dishrack W/wheels,PS8690632,WD28X10399,,Really Easy ,30 - 60 mins ,N/A,Dishwasher.,GE,In Stock,https://www.partselect.com/PS8690632-GE-WD28X10399-Dishwasher-Upper-Dishrack-w-Wheels.htm?SourceCode=18
Dishwasher Driptray,PS16620330,W11550169,,N/A,N/A,N/A,Dishwasher.,Whirlpool,In Stock,https://www.partselect.com/PS16620330-Whirlpool-W11550169-DRIPTRAY.htm?SourceCode=18
Dishwasher Shelf,PS9494775,W10630200,,N/A,N/A,N/A,Dishwasher.,Whirlpool,Special Order,https://www.partselect.com/PS9494775-Whirlpool-W10630200-SHELF.htm?SourceCode=18
Dishwasher Cup Shelf,PS16729158,WD12X30218,,N/A,N/A,N/A,Dishwasher.,GE,In Stock,https://www.partselect.com/PS16729158-GE-WD12X30218-CUP-SHELF.htm?SourceCode=18
Dishwasher Cup Shelf,PS16745750,5304532945,,N/A,N/A,N/A,Dishwasher.,Frigidaire,On Order,https://www.partselect.com/PS16745750-Frigidaire-5304532945-CUP-SHELF.htm?SourceCode=18
Dishwasher Shelf,PS12728700,W11390112,,N/A,N/A,N/A,Dishwasher.,Whirlpool,On Order,https://www.partselect.com/PS12728700-Whirlpool-W11390112-SHELF.htm?SourceCode=18
Dishwasher Shelf Cup,PS8756458,WD28X10350,,N/A,N/A,N/A,Dishwasher.,GE,On Order,https://www.partselect.com/PS8756458-GE-WD28X10350-Dishwasher-Shelf-Cup.htm?SourceCode=18
Dishwasher Shelf,PS9494200,808124102,,N/A,N/A,N/A,Dishwasher.,Frigidaire,Special Order,https://www.partselect.com/PS9494200-Frigidaire-808124102-SHELF.htm?SourceCode=18
Dishwasher Tray,PS12082161,MJS63631801,,N/A,N/A,N/A,Dishwasher.,LG,Special Order,https://www.partselect.com/PS12082161-LG-MJS63631801-TRAY.htm?SourceCode=18
Dishwasher Upper Cup Shelf,PS2100018,99002671,,N/A,N/A,N/A,Dishwasher.,Whirlpool,Special Order,https://www.partselect.com/PS2100018-Whirlpool-99002671-Upper-Cup-Shelf.htm?SourceCode=18
Dishwasher Refrigerator Touchup Paint (white),PS385132,72017,,Very Easy ,Less than 15 mins ,N/A,"Refrigerator, Dishwasher, Range, Dryer.",Whirlpool,In Stock,https://www.partselect.com/PS385132-Whirlpool-72017-Refrigerator-Touchup-Paint-White.htm?SourceCode=18
Dishwasher White Appliance Paint (12oz),PS347819,350930,,Easy ,30 - 60 mins ,N/A,"Refrigerator, Range, Washer, Dryer.",Whirlpool,In Stock,https://www.partselect.com/PS347819-Whirlpool-350930-White-Appliance-Paint-12oz.htm?SourceCode=18
Dishwasher Refrigerator Touchup Paint (black),PS385141,72032,,Very Easy ,30 - 60 mins ,N/A,"Refrigerator, Dishwasher, Wall Oven, Range.",Whirlpool,In Stock,https://www.partselect.com/PS385141-Whirlpool-72032-Refrigerator-Touchup-Paint-Black.htm?SourceCode=18
Dishwasher Refrigerator Touch Up Paint,PS11743941,WP72107,,Really Easy ,15 - 30 mins ,N/A,"Refrigerator, Washer, Range, Dishwasher.",Whirlpool,In Stock,https://www.partselect.com/PS11743941-Whirlpool-WP72107-Refrigerator-Touch-Up-Paint.htm?SourceCode=18
Dishwasher Refrigerator Touch Up Paint,PS373131,4392899,,Really Easy ,1- 2 hours ,N/A,"Refrigerator, Dishwasher, Range, Dryer.",Whirlpool,In Stock,https://www.partselect.com/PS373131-Whirlpool-4392899-Refrigerator-Touch-Up-Paint.htm?SourceCode=18
Dishwasher Refrigerator Paint,PS334404,285006,,N/A,N/A,N/A,"Refrigerator, Range, Dishwasher, Wall Oven.",Whirlpool,In Stock,https://www.partselect.com/PS334404-Whirlpool-285006-Refrigerator-Paint.htm?SourceCode=18
Dishwasher Touchup Paint,PS390714,8171652,,N/A,N/A,N/A,"Dishwasher, Trash Compactor.",Whirlpool,Special Order,https://www.partselect.com/PS390714-Whirlpool-8171652-Touchup-Paint.htm?SourceCode=18
Dishwasher Vinyl Touch Up Paint (blue),PS11728041,W10840471,,N/A,N/A,N/A,Dishwasher.,Whirlpool,Special Order,https://www.partselect.com/PS11728041-Whirlpool-W10840471-Vinyl-Touch-Up-Paint-Blue.htm?SourceCode=18
Dishwasher Refrigerator Enamel Paint (biscuit),PS373134,4392901,,N/A,N/A,N/A,"Refrigerator, Dishwasher, Range, Dryer.",Whirlpool,In Stock,https://www.partselect.com/PS373134-Whirlpool-4392901-Refrigerator-Enamel-Paint-Biscuit.htm?SourceCode=18
Dishwasher Platinum Touchup Paint,PS385186,72113,,N/A,N/A,N/A,"Range, Washer, Refrigerator, Dishwasher.",Whirlpool,In Stock,https://www.partselect.com/PS385186-Whirlpool-72113-Platinum-Touchup-Paint.htm?SourceCode=18
Dishwasher Handlecap Shaped,PS8729301,00628998,,Really Easy ,30 - 60 mins ,Door latch failure,Dishwasher.,Bosch,In Stock,https://www.partselect.com/PS8729301-Bosch-00628998-Dishwasher-Handlecap-Shaped.htm?SourceCode=18
Dishwasher Handle Tug Latch Black,PS17219715,5304535626,,N/A,N/A,Door latch failure,Dishwasher.,Frigidaire,In Stock,https://www.partselect.com/PS17219715-Frigidaire-5304535626-HANDLE-TUG-LATCH-BLACK.htm?SourceCode=18
Dishwasher Door Handle - Silver,PS11758453,12012913,,Easy ,15 - 30 mins ,Door latch failure,Dishwasher.,Bosch,In Stock,https://www.partselect.com/PS11758453-Bosch-12012913-Door-Handle-Silver.htm?SourceCode=18
Dishwasher Handlecap Shaped,PS8727824,00615352,,N/A,N/A,Door latch failure,Dishwasher.,Bosch,In Stock,https://www.partselect.com/PS8727824-Bosch-00615352-Dishwasher-Handlecap-Shaped.htm?SourceCode=18
Dishwasher Door Handle,PS11745495,WP8269117,,Really Easy ,15 - 30 mins ,Door latch failure | Door won’t close | Will Not Start,Dishwasher.,Whirlpool,In Stock,https://www.partselect.com/PS11745495-Whirlpool-WP8269117-Dishwasher-Door-Handle.htm?SourceCode=18
Dishwasher Handle,PS16660509,W11568629,,N/A,N/A,Door latch failure,Dishwasher.,Whirlpool,On Order,https://www.partselect.com/PS16660509-Whirlpool-W11568629-HANDLE.htm?SourceCode=18
Dishwasher Door Handle Actuator,PS2337860,WD13X10045,,Easy ,15 - 30 mins ,Door latch failure | Will Not Start | Door won’t close,Dishwasher.,GE,In Stock,https://www.partselect.com/PS2337860-GE-WD13X10045-Dishwasher-Door-Handle-Actuator.htm?SourceCode=18
Dishwasher Door Handle,PS11736562,WD09X21321,,A Bit Difficult ,More than 2 hours ,N/A,Dishwasher.,GE,In Stock,https://www.partselect.com/PS11736562-GE-WD09X21321-Dishwasher-Door-Handle.htm?SourceCode=18
Dishwasher Handle Tug Latch White,PS17629770,5304535625,,N/A,N/A,N/A,Dishwasher.,Frigidaire,Special Order,https://www.partselect.com/PS17629770-Frigidaire-5304535625-HANDLE-TUG-LATCH-WHITE.htm?SourceCode=18
"Dishwasher Door Handle Endcap, White",PS8729292,00628863,,N/A,N/A,N/A,Dishwasher.,Bosch,In Stock,https://www.partselect.com/PS8729292-Bosch-00628863-Door-Handle-Endcap-White.htm?SourceCode=18
Dishwasher Rail Assembly,PS12742478,AHC73575003,,N/A,N/A,N/A,Dishwasher.,LG,On Order,https://www.partselect.com/PS12742478-LG-AHC73575003-Dishwasher-Rail-Assembly.htm?SourceCode=18
Dishwasher Upper Dishrack Slide,PS1525080,154597801,,Really Easy ,15 - 30 mins ,N/A,Dishwasher.,Frigidaire,In Stock,https://www.partselect.com/PS1525080-Frigidaire-154597801-Upper-Dishrack-Slide.htm?SourceCode=18
Dishwasher Cutlery Drawer,PS8747441,00770657,,N/A,N/A,N/A,Dishwasher.,Bosch,In Stock,https://www.partselect.com/PS8747441-Bosch-00770657-CUTLERY-DRAWER.htm?SourceCode=18
Dishwasher Blaster Assembly,PS10063220,WD22X21034,,N/A,N/A,N/A,Dishwasher.,GE,In Stock,https://www.partselect.com/PS10063220-GE-WD22X21034-Blaster-Assembly.htm?SourceCode=18
Dishwasher Cutlery Drawer,PS8747440,00770656,,N/A,N/A,N/A,Dishwasher.,Bosch,In Stock,https://www.partselect.com/PS8747440-Bosch-00770656-CUTLERY-DRAWER.htm?SourceCode=18
Dishwasher Rack Slide,PS261576,WD30X98,,Really Easy ,15 - 30 mins ,N/A,Dishwasher.,GE,In Stock,https://www.partselect.com/PS261576-GE-WD30X98-Dishwasher-Rack-Slide.htm?SourceCode=18
Dishwasher Cutlery Drawer,PS12075282,00775978,,N/A,N/A,N/A,"Dishwasher, Miscellaneous.",Bosch,In Stock,https://www.partselect.com/PS12075282-Bosch-00775978-CUTLERY-DRAWER.htm?SourceCode=18
Dishwasher Basket Assembly (upper),PS11773436,DD82-01360A,,N/A,N/A,N/A,Dishwasher.,Samsung,On Order,https://www.partselect.com/PS11773436-Samsung-DD82-01360A-Basket-Assembly-Upper.htm?SourceCode=18
Dishwasher Basket Assembly (upper),PS8764567,DD82-01074A,,N/A,N/A,N/A,Dishwasher.,Samsung,Special Order,https://www.partselect.com/PS8764567-Samsung-DD82-01074A-Basket-Assembly-Upper.htm?SourceCode=18
Dishwasher Basket Rail,PS4222335,DD61-00174A,,N/A,N/A,N/A,Dishwasher.,Samsung,In Stock,https://www.partselect.com/PS4222335-Samsung-DD61-00174A-Basket-Rail.htm?SourceCode=18
Dishwasher Black Toe Kick,PS16219732,WD27X27752,,N/A,N/A,N/A,Dishwasher.,GE,In Stock,https://www.partselect.com/PS16219732-GE-WD27X27752-BLACK-TOE-KICK.htm?SourceCode=18
Dishwasher Bezel,PS11747779,WP99003605,21.29,Really Easy ,Less than 15 mins ,Leaking | Not cleaning dishes properly,Dishwasher.,Whirlpool,In Stock,https://www.partselect.com/PS11747779-Whirlpool-WP99003605-Dishwasher-Bezel.htm?SourceCode=18
Dishwasher Kickplate Grille (black),PS3633191,154745503,23.47,Really Easy ,15 - 30 mins ,N/A,Dishwasher.,Frigidaire,In Stock,https://www.partselect.com/PS3633191-Frigidaire-154745503-Kickplate-Grille-Black.htm?SourceCode=18
Dishwasher Kickplate Grille (black),PS11704182,5304501484,,Really Easy ,15 - 30 mins ,N/A,Dishwasher.,Frigidaire,In Stock,https://www.partselect.com/PS11704182-Frigidaire-5304501484-Kickplate-Grille-Black.htm?SourceCode=18
Dishwasher White Toe Kick,PS16219733,WD27X27840,,N/A,N/A,N/A,Dishwasher.,GE,In Stock,https://www.partselect.com/PS16219733-GE-WD27X27840-WHITE-TOE-KICK.htm?SourceCode=18
Dishwasher Lower Cover Assembly,PS12077222,ACQ88920601,,N/A,N/A,N/A,Dishwasher.,LG,In Stock,https://www.partselect.com/PS12077222-LG-ACQ88920601-Lower-Cover-Assembly.htm?SourceCode=18
Dishwasher Cover Assembly Lower,PS11775862,3551DD2001X,,N/A,N/A,N/A,Dishwasher.,LG,In Stock,https://www.partselect.com/PS11775862-LG-3551DD2001X-COVER-ASSEMBLY-LOWER.htm?SourceCode=18
Dishwasher Cover Assembly Lower,PS12588437,ACQ90777001,,N/A,N/A,N/A,Dishwasher.,LG,Special Order,https://www.partselect.com/PS12588437-LG-ACQ90777001-COVER-ASSEMBLY-LOWER.htm?SourceCode=18
Dishwasher Kickplate - Black,PS11769017,W10871196,,Easy ,30 - 60 mins ,N/A,Dishwasher.,Whirlpool,In Stock,https://www.partselect.com/PS11769017-Whirlpool-W10871196-Kickplate-Black.htm?SourceCode=18
Dishwasher Lower Cover Assembly,PS9495754,3551DD2001W,,N/A,N/A,N/A,Dishwasher.,LG,In Stock,https://www.partselect.com/PS9495754-LG-3551DD2001W-Lower-Cover-Assembly.htm?SourceCode=18
Dishwasher Insulating Part,PS16746079,11050210,,Really Easy ,30 - 60 mins ,N/A,Dishwasher.,Bosch,In Stock,https://www.partselect.com/PS16746079-Bosch-11050210-INSULATING-PART.htm?SourceCode=18
Dishwasher Tub Sound Shield Insulation,PS12070612,W11086533,,Really Easy ,15 - 30 mins ,Noisy,"Dishwasher, Refrigerator.",Whirlpool,In Stock,https://www.partselect.com/PS12070612-Whirlpool-W11086533-Dishwasher-Tub-Sound-Shield-Insulation.htm?SourceCode=18
Dishwasher Insulating Part,PS16746088,12040672,,N/A,N/A,N/A,Dishwasher.,Bosch,In Stock,https://www.partselect.com/PS16746088-Bosch-12040672-INSULATING-PART.htm?SourceCode=18
Dishwasher Shield,PS11730934,W10831329,,N/A,N/A,Leaking,Dishwasher.,Whirlpool,On Order,https://www.partselect.com/PS11730934-Whirlpool-W10831329-SHIELD.htm?SourceCode=18
Dishwasher Tub Insulation Blanket,PS16226088,WD30X28658,,Easy ,30 - 60 mins ,N/A,Dishwasher.,GE,In Stock,https://www.partselect.com/PS16226088-GE-WD30X28658-TUB-INSULATION-BLANKET.htm?SourceCode=18
Dishwasher Insulating Part,PS8737066,00747056,,N/A,N/A,N/A,Dishwasher.,Bosch,In Stock,https://www.partselect.com/PS8737066-Bosch-00747056-INSULATING-PART.htm?SourceCode=18
Dishwasher Toe Kick Plate Insulation,PS11762995,WD27X21334,,N/A,N/A,N/A,Dishwasher.,GE,In Stock,https://www.partselect.com/PS11762995-GE-WD27X21334-Toe-Kick-Plate-Insulation.htm?SourceCode=18
Dishwasher Insulation,PS16218687,5304525043,,N/A,N/A,N/A,Dishwasher.,Frigidaire,In Stock,https://www.partselect.com/PS16218687-Frigidaire-5304525043-INSULATION.htm?SourceCode=18
Dishwasher Tub Insulation,PS1990923,154641601,,N/A,N/A,N/A,Dishwasher.,Frigidaire,In Stock,https://www.partselect.com/PS1990923-Frigidaire-154641601-Tub-Insulation.htm?SourceCode=18
Dishwasher Insulating Part,PS8737023,00745107,,N/A,N/A,N/A,Dishwasher.,Bosch,In Stock,https://www.partselect.com/PS8737023-Bosch-00745107-INSULATING-PART.htm?SourceCode=18
Dishwasher On/off Button - Black,PS8714198,00427746,,Really Easy ,15 - 30 mins ,N/A,Dishwasher.,Bosch,In Stock,https://www.partselect.com/PS8714198-Bosch-00427746-On-Off-Button-Black.htm?SourceCode=18
Dishwasher Door Latch Knob,PS264113,WD9X351,,Easy ,1- 2 hours ,Door latch failure,Dishwasher.,GE,In Stock,https://www.partselect.com/PS264113-GE-WD9X351-Dishwasher-Door-Latch-Knob.htm?SourceCode=18
Dishwasher Timer Knob,PS258820,WD09X10024,,Really Easy ,Less than 15 mins ,Will Not Start,Dishwasher.,GE,In Stock,https://www.partselect.com/PS258820-GE-WD09X10024-Dishwasher-Timer-Knob.htm?SourceCode=18
Dishwasher Button,PS8697263,00168561,,N/A,N/A,N/A,Dishwasher.,Bosch,In Stock,https://www.partselect.com/PS8697263-Bosch-00168561-Dishwasher-Button.htm?SourceCode=18
Dishwasher Timer Knob,PS258821,WD09X10025,,Really Easy ,Less than 15 mins ,Will Not Start,Dishwasher.,GE,In Stock,https://www.partselect.com/PS258821-GE-WD09X10025-Timer-Knob.htm?SourceCode=18
Dishwasher Control Panel Button Set,PS8725630,00600072,,N/A,N/A,N/A,Dishwasher.,Bosch,In Stock,https://www.partselect.com/PS8725630-Bosch-00600072-Dishwasher-Control-Panel-Button-Set.htm?SourceCode=18
Dishwasher Rinse Aid Knob,PS11750166,WPW10199683,,Really Easy ,30 - 60 mins ,N/A,Dishwasher.,Whirlpool,In Stock,https://www.partselect.com/PS11750166-Whirlpool-WPW10199683-Rinse-Aid-Knob.htm?SourceCode=18
Dishwasher Start Button,PS8727410,00611653,,N/A,N/A,N/A,Dishwasher.,Bosch,In Stock,https://www.partselect.com/PS8727410-Bosch-00611653-Dishwasher-Start-Button.htm?SourceCode=18
Dishwasher Button,PS8713997,00425565,,N/A,N/A,N/A,Dishwasher.,Bosch,In Stock,https://www.partselect.com/PS8713997-Bosch-00425565-BUTTON.htm?SourceCode=18
Dishwasher Button,PS8768368,WD09X20394,,N/A,N/A,N/A,Dishwasher.,GE,On Order,https://www.partselect.com/PS8768368-GE-WD09X20394-BUTTON.htm?SourceCode=18
Dishwasher Harns-wire,PS16660524,W11568793,,N/A,N/A,N/A,Dishwasher.,Whirlpool,In Stock,https://www.partselect.com/PS16660524-Whirlpool-W11568793-HARNS-WIRE.htm?SourceCode=18
Dishwasher Harness Assembly Jumper,PS12170953,WD21X23559,,N/A,N/A,Will Not Start,Dishwasher.,GE,In Stock,https://www.partselect.com/PS12170953-GE-WD21X23559-HARNESS-Assembly-JUMPER.htm?SourceCode=18
Dishwasher Harness Assembly Door,PS11759017,WD21X22916,,N/A,N/A,N/A,Dishwasher.,GE,In Stock,https://www.partselect.com/PS11759017-GE-WD21X22916-HARNESS-Assembly-DOOR.htm?SourceCode=18
Dishwasher Terminal Box,PS8729475,00640476,,N/A,N/A,Will Not Start,Dishwasher.,Bosch,In Stock,https://www.partselect.com/PS8729475-Bosch-00640476-TERMINAL-BOX.htm?SourceCode=18
Dishwasher Dc Harness,PS16554639,WD21X28978,,N/A,N/A,N/A,Dishwasher.,GE,In Stock,https://www.partselect.com/PS16554639-GE-WD21X28978-DC-HARNESS.htm?SourceCode=18
Dishwasher Harness Assembly Door,PS8756337,WD21X10545,,N/A,N/A,N/A,Dishwasher.,GE,In Stock,https://www.partselect.com/PS8756337-GE-WD21X10545-HARNESS-Assembly-DOOR.htm?SourceCode=18
Dishwasher Harness Assembly Door,PS11766627,WD21X21664,,N/A,N/A,N/A,Dishwasher.,GE,In Stock,https://www.partselect.com/PS11766627-GE-WD21X21664-HARNESS-Assembly-DOOR.htm?SourceCode=18
Dishwasher Cable Harness,PS12072385,12014146,,A Bit Difficult ,1- 2 hours ,N/A,Dishwasher.,Bosch,In Stock,https://www.partselect.com/PS12072385-Bosch-12014146-CABLE-HARNESS.htm?SourceCode=18
Dishwasher Wire Harness,PS16745222,W11627526,,N/A,N/A,N/A,Dishwasher.,Whirlpool,In Stock,https://www.partselect.com/PS16745222-Whirlpool-W11627526-Wire-Harness.htm?SourceCode=18
Dishwasher Wire,PS16875936,W11662069,,N/A,N/A,N/A,Dishwasher.,Whirlpool,On Order,https://www.partselect.com/PS16875936-Whirlpool-W11662069-WIRE.htm?SourceCode=18
Dishwasher Brake Up Case,PS12740668,DD61-00655A,,N/A,N/A,N/A,"Dishwasher, Washer.",Samsung,In Stock,https://www.partselect.com/PS12740668-Samsung-DD61-00655A-Brake-Up-Case.htm?SourceCode=18
Dishwasher Brake Case Assembly,PS9606454,DD94-01091C,,N/A,N/A,N/A,Dishwasher.,Samsung,In Stock,https://www.partselect.com/PS9606454-Samsung-DD94-01091C-Brake-Case-Assembly.htm?SourceCode=18
Dishwasher Escutcheon & Insert Assembly,PS1765994,WD34X11307,,N/A,N/A,N/A,Dishwasher.,GE,In Stock,https://www.partselect.com/PS1765994-GE-WD34X11307-ESCUTCHEON-INSERT-Assembly.htm?SourceCode=18
Dishwasher Escutcheon & Insert Assembly,PS8767521,WD34X11846,,N/A,N/A,N/A,Dishwasher.,GE,In Stock,https://www.partselect.com/PS8767521-GE-WD34X11846-ESCUTCHEON-INSERT-Assembly.htm?SourceCode=18
Dishwasher Foot,PS9606365,DD61-00331B,,N/A,N/A,N/A,"Dishwasher, Washer.",Samsung,In Stock,https://www.partselect.com/PS9606365-Samsung-DD61-00331B-Foot.htm?SourceCode=18
Dishwasher Escutcheon & Insert Assembly,PS11766995,WD34X22378,,N/A,N/A,N/A,Dishwasher.,GE,In Stock,https://www.partselect.com/PS11766995-GE-WD34X22378-ESCUTCHEON-INSERT-Assembly.htm?SourceCode=18
Dishwasher Escutcheon & Insert Assembly,PS11774513,WD34X20756,,N/A,N/A,N/A,Dishwasher.,GE,Special Order,https://www.partselect.com/PS11774513-GE-WD34X20756-ESCUTCHEON-INSERT-Assembly.htm?SourceCode=18
Dishwasher Escutcheon & Insert Assembly,PS1765991,WD34X11304,,N/A,N/A,N/A,Dishwasher.,GE,Special Order,https://www.partselect.com/PS1765991-GE-WD34X11304-Escutcheon-Insert-Assembly.htm?SourceCode=18
Dishwasher Case Brake Assembly,PS12721542,DD97-00611A,,N/A,N/A,N/A,Dishwasher.,Samsung,In Stock,https://www.partselect.com/PS12721542-Samsung-DD97-00611A-Case-Brake-Assembly.htm?SourceCode=18
Dishwasher Escutcheon & Insert Assembly,PS959631,WD34X11006,,N/A,N/A,N/A,Dishwasher.,GE,Special Order,https://www.partselect.com/PS959631-GE-WD34X11006-ESCUTCHEON-INSERT-Assembly.htm?SourceCode=18
Dishwasher Vent Asmy Blower,PS12741853,5304523304,,Really Easy ,30 - 60 mins ,Will Not Start | Not drying dishes properly,Dishwasher.,Frigidaire,In Stock,https://www.partselect.com/PS12741853-Frigidaire-5304523304-Vent-Asmy-Blower.htm?SourceCode=18
Dishwasher Air Inlet,PS11748136,WPW10077883,,N/A,N/A,Leaking,Dishwasher.,Whirlpool,In Stock,https://www.partselect.com/PS11748136-Whirlpool-WPW10077883-Air-Inlet.htm?SourceCode=18
Dishwasher Air Inlet,PS11745487,WP8268937,,A Bit Difficult ,1- 2 hours ,Leaking,Dishwasher.,Whirlpool,In Stock,https://www.partselect.com/PS11745487-Whirlpool-WP8268937-Dishwasher-Air-Inlet.htm?SourceCode=18
Dishwasher Vent,PS16875797,W11649995,,N/A,N/A,N/A,"Dishwasher, Refrigerator.",Whirlpool,In Stock,https://www.partselect.com/PS16875797-Whirlpool-W11649995-VENT.htm?SourceCode=18
Dishwasher Duct Assembly (middle),PS12085702,DD82-01428A,,N/A,N/A,N/A,Dishwasher.,Samsung,On Order,https://www.partselect.com/PS12085702-Samsung-DD82-01428A-Duct-Assembly-Middle.htm?SourceCode=18
Dishwasher Vent Assembly,PS11741358,WP3379674,,Easy ,30 - 60 mins ,Leaking,Dishwasher.,Whirlpool,On Order,https://www.partselect.com/PS11741358-Whirlpool-WP3379674-Dishwasher-Vent-Assembly.htm?SourceCode=18
Dishwasher Diffuser,PS11755348,WPW10476221,,N/A,N/A,Leaking,Dishwasher.,Whirlpool,In Stock,https://www.partselect.com/PS11755348-Whirlpool-WPW10476221-Diffuser.htm?SourceCode=18
Dishwasher Duct Assembly,PS12085716,DD93-01014A,,N/A,N/A,N/A,Dishwasher.,Samsung,In Stock,https://www.partselect.com/PS12085716-Samsung-DD93-01014A-Duct-Assembly.htm?SourceCode=18
Dishwasher Duct Assembly,PS12740730,DD82-01751A,,N/A,N/A,N/A,Dishwasher.,Samsung,On Order,https://www.partselect.com/PS12740730-Samsung-DD82-01751A-Duct-Assembly.htm?SourceCode=18
Dishwasher Vent,PS11752990,WPW10329609,,N/A,N/A,N/A,Dishwasher.,Whirlpool,In Stock,https://www.partselect.com/PS11752990-Whirlpool-WPW10329609-Vent.htm?SourceCode=18
Dishwasher Timer,PS17626228,WD21X33641,,N/A,N/A,Will Not Start | Not draining,Dishwasher.,GE,In Stock,https://www.partselect.com/PS17626228-GE-WD21X33641-TIMER.htm?SourceCode=18
Dishwasher Timer,PS17626226,WD21X33640,,N/A,N/A,N/A,Dishwasher.,GE,In Stock,https://www.partselect.com/PS17626226-GE-WD21X33640-TIMER.htm?SourceCode=18
Dishwasher Timer,PS6011663,WD21X10475,,N/A,N/A,N/A,Dishwasher.,GE,In Stock,https://www.partselect.com/PS6011663-GE-WD21X10475-Dishwasher-Timer.htm?SourceCode=18
Dishwasher Timer,PS17137077,WD21X33639,,Really Easy ,30 - 60 mins ,Will Not Start | Not draining | Will not fill with water,Dishwasher.,GE,In Stock,https://www.partselect.com/PS17137077-GE-WD21X33639-TIMER.htm?SourceCode=18
Dishwasher Primer,PS347826,350942,,N/A,N/A,N/A,"Refrigerator, Range, Dishwasher, Wall Oven.",Whirlpool,In Stock,https://www.partselect.com/PS347826-Whirlpool-350942-PRIMER.htm?SourceCode=18
Dishwasher Timer,PS17626230,WD21X33643,,N/A,N/A,N/A,Dishwasher.,GE,In Stock,https://www.partselect.com/PS17626230-GE-WD21X33643-TIMER.htm?SourceCode=18
Dishwasher Timer,PS3633218,154858101,,N/A,N/A,N/A,Dishwasher.,Frigidaire,In Stock,https://www.partselect.com/PS3633218-Frigidaire-154858101-TIMER.htm?SourceCode=18
Dishwasher Timer,PS11750161,WPW10199587,,N/A,N/A,N/A,Dishwasher.,Whirlpool,In Stock,https://www.partselect.com/PS11750161-Whirlpool-WPW10199587-Timer.htm?SourceCode=18
Dishwasher Timer,PS260070,WD21X10013,,Easy ,30 - 60 mins ,N/A,Dishwasher.,GE,In Stock,https://www.partselect.com/PS260070-GE-WD21X10013-Timer.htm?SourceCode=18
Dishwasher Timer,PS11746200,WP8535368,,N/A,N/A,N/A,Dishwasher.,Whirlpool,In Stock,https://www.partselect.com/PS11746200-Whirlpool-WP8535368-Timer.htm?SourceCode=18
Dishwasher Leveling Leg,PS16762447,WD02X31882,,N/A,N/A,N/A,Dishwasher.,GE,In Stock,https://www.partselect.com/PS16762447-GE-WD02X31882-LEVELING-LEG.htm?SourceCode=18
Dishwasher Leveling Leg,PS11770497,5304506540,,N/A,N/A,N/A,Dishwasher.,Frigidaire,On Order,https://www.partselect.com/PS11770497-Frigidaire-5304506540-Leveling-Leg.htm?SourceCode=18
Dishwasher Leg,PS12081891,MFA63022901,,N/A,N/A,N/A,Dishwasher.,LG,In Stock,https://www.partselect.com/PS12081891-LG-MFA63022901-LEG.htm?SourceCode=18
Dishwasher Foot,PS8728141,00617585,,N/A,N/A,N/A,Dishwasher.,Bosch,In Stock,https://www.partselect.com/PS8728141-Bosch-00617585-FOOT.htm?SourceCode=18
Dishwasher Levler-leg,PS16620500,W11561254,,N/A,N/A,N/A,Dishwasher.,Whirlpool,In Stock,https://www.partselect.com/PS16620500-Whirlpool-W11561254-LEVLER-LEG.htm?SourceCode=18
Dishwasher Caster (4 Pack),PS11746474,WP8559933,,N/A,N/A,N/A,Dishwasher.,Whirlpool,In Stock,https://www.partselect.com/PS11746474-Whirlpool-WP8559933-CASTER-4-PACK.htm?SourceCode=18
Dishwasher Leg Adjuster,PS4222382,DD61-00232A,,N/A,N/A,N/A,Dishwasher.,Samsung,In Stock,https://www.partselect.com/PS4222382-Samsung-DD61-00232A-Leg-Adjuster.htm?SourceCode=18
Dishwasher Leveling Leg,PS16217022,WD02X25806,,N/A,N/A,N/A,Dishwasher.,GE,In Stock,https://www.partselect.com/PS16217022-GE-WD02X25806-LEVELING-LEG.htm?SourceCode=18
Dishwasher Foot,PS8727100,00609843,,N/A,N/A,N/A,Dishwasher.,Bosch,In Stock,https://www.partselect.com/PS8727100-Bosch-00609843-FOOT.htm?SourceCode=18
Dishwasher Leg Adjuster,PS4222383,DD61-00232B,,N/A,N/A,N/A,Dishwasher.,Samsung,On Order,https://www.partselect.com/PS4222383-Samsung-DD61-00232B-Leg-Adjuster.htm?SourceCode=18
Dishwasher Trap Glass,PS12582702,WD12X24663,,N/A,N/A,N/A,Dishwasher.,GE,In Stock,https://www.partselect.com/PS12582702-GE-WD12X24663-Trap-Glass.htm?SourceCode=18
Dishwasher Door-outer,PS8735532,00689412,,Very Easy ,15 - 30 mins ,N/A,Dishwasher.,Bosch,In Stock,https://www.partselect.com/PS8735532-Bosch-00689412-DOOR-OUTER.htm?SourceCode=18
Dishwasher Attach Strip,PS8756120,WD01X10634,,N/A,N/A,Door won’t close,Dishwasher.,GE,Special Order,https://www.partselect.com/PS8756120-GE-WD01X10634-Dishwasher-Attach-Strip.htm?SourceCode=18
Dishwasher Outer Door,PS16731242,117495104,,N/A,N/A,N/A,Dishwasher.,Frigidaire,In Stock,https://www.partselect.com/PS16731242-Frigidaire-117495104-OUTER-DOOR.htm?SourceCode=18
Dishwasher Long Front Panel - White,PS261627,WD31X10025,,Easy ,30 - 60 mins ,N/A,Dishwasher.,GE,In Stock,https://www.partselect.com/PS261627-GE-WD31X10025-Long-Front-Panel-White.htm?SourceCode=18
Dishwasher Strip Attachement,PS11771956,WD01X22836,,N/A,N/A,Door won’t close,Dishwasher.,GE,In Stock,https://www.partselect.com/PS11771956-GE-WD01X22836-Strip-Attachement.htm?SourceCode=18
Dishwasher Door Panel Insert,PS11741289,WP3369769,,Really Easy ,15 - 30 mins ,N/A,Dishwasher.,Whirlpool,On Order,https://www.partselect.com/PS11741289-Whirlpool-WP3369769-Dishwasher-Door-Panel-Insert.htm?SourceCode=18
Dishwasher Door-inner,PS16543465,W11513973,,N/A,N/A,N/A,Dishwasher.,Whirlpool,In Stock,https://www.partselect.com/PS16543465-Whirlpool-W11513973-DOOR-INNER.htm?SourceCode=18
Dishwasher Door-inner Os,PS8734322,00682298,,N/A,N/A,N/A,Dishwasher.,Bosch,In Stock,https://www.partselect.com/PS8734322-Bosch-00682298-DOOR-INNER-OS.htm?SourceCode=18
Dishwasher Exterior Door Panel (stainless Steel),PS4222358,DD61-00202A,,N/A,N/A,N/A,Dishwasher.,Samsung,In Stock,https://www.partselect.com/PS4222358-Samsung-DD61-00202A-Exterior-Door-Panel-Stainless-Steel.htm?SourceCode=18
Dishwasher Tub Trims Kit,PS16742696,WD01X31618,,N/A,N/A,Leaking,Dishwasher.,GE,In Stock,https://www.partselect.com/PS16742696-GE-WD01X31618-TUB-TRIMS-KIT.htm?SourceCode=18
Dishwasher Black Tub Trim,PS16659466,WD01X29479,,N/A,N/A,N/A,Dishwasher.,GE,In Stock,https://www.partselect.com/PS16659466-GE-WD01X29479-BLACK-TUB-TRIM.htm?SourceCode=18
Dishwasher Tub Trims Kit,PS16742698,WD01X31858,,Easy ,1- 2 hours ,Door won’t close | Leaking,Dishwasher.,GE,In Stock,https://www.partselect.com/PS16742698-GE-WD01X31858-TUB-TRIMS-KIT.htm?SourceCode=18
Dishwasher Strip,PS8747374,00749684,,N/A,N/A,N/A,Dishwasher.,Bosch,In Stock,https://www.partselect.com/PS8747374-Bosch-00749684-STRIP.htm?SourceCode=18
Dishwasher Trim Gasket,PS958905,WD08X10054,,N/A,N/A,Leaking,Dishwasher.,GE,In Stock,https://www.partselect.com/PS958905-GE-WD08X10054-TRIM-GASKET.htm?SourceCode=18
Dishwasher Tub Trim - White,PS8756150,WD08X10097,,N/A,N/A,N/A,Dishwasher.,GE,In Stock,https://www.partselect.com/PS8756150-GE-WD08X10097-Tub-Trim-White.htm?SourceCode=18
"Dishwasher Side Trim Strips, White, Left / Right (pair)",PS8737113,00749683,,Very Easy ,15 - 30 mins ,N/A,Dishwasher.,Bosch,In Stock,https://www.partselect.com/PS8737113-Bosch-00749683-SIDE-TRIM-STRIPS-WHITE-LEFT-RIGHT-PAIR.htm?SourceCode=18
Dishwasher Door Trim Lh,PS16226058,WD01X26419,,N/A,N/A,N/A,Dishwasher.,GE,Special Order,https://www.partselect.com/PS16226058-GE-WD01X26419-DOOR-TRIM-LH.htm?SourceCode=18
Dishwasher Trim Tub,PS11721488,WD08X20719,,N/A,N/A,N/A,Dishwasher.,GE,In Stock,https://www.partselect.com/PS11721488-GE-WD08X20719-TRIM-TUB.htm?SourceCode=18
Dishwasher Trim Tub White,PS8690615,WD08X10096,,N/A,N/A,N/A,Dishwasher.,GE,In Stock,https://www.partselect.com/PS8690615-GE-WD08X10096-TRIM-TUB-White.htm?SourceCode=18
Dishwasher Badge Ge Assembly,PS6447742,WR04X10181,,N/A,N/A,N/A,"Refrigerator, Dishwasher, Water Heater, Range.",GE,In Stock,https://www.partselect.com/PS6447742-GE-WR04X10181-BADGE-GE-Assembly.htm?SourceCode=18
Dishwasher Plate,PS12348533,W11178521,,Easy ,15 - 30 mins ,N/A,"Range, Refrigerator, Microwave, Wall Oven.",Whirlpool,In Stock,https://www.partselect.com/PS12348533-Whirlpool-W11178521-Plate.htm?SourceCode=18
Dishwasher Plate,PS11769728,W10909682,,N/A,N/A,N/A,"Range, Microwave, Microwave Oven Combo, Dishwasher.",Whirlpool,In Stock,https://www.partselect.com/PS11769728-Whirlpool-W10909682-Plate.htm?SourceCode=18
Dishwasher Plate,PS11728019,W10839793,,N/A,N/A,N/A,"Range, Refrigerator, Dishwasher, Wall Oven.",Whirlpool,In Stock,https://www.partselect.com/PS11728019-Whirlpool-W10839793-Plate.htm?SourceCode=18
Dishwasher Floor Manual Plate,PS8756224,WD12X10421,,N/A,N/A,N/A,Dishwasher.,GE,Special Order,https://www.partselect.com/PS8756224-GE-WD12X10421-Floor-Manual-Plate.htm?SourceCode=18
Dishwasher Plate,PS11712057,MFT62346511,,N/A,N/A,N/A,"Refrigerator, Dishwasher.",LG,In Stock,https://www.partselect.com/PS11712057-LG-MFT62346511-Plate.htm?SourceCode=18
Dishwasher Nameplate,PS3408382,154818702,,N/A,N/A,N/A,Dishwasher.,Frigidaire,Special Order,https://www.partselect.com/PS3408382-Frigidaire-154818702-NAMEPLATE.htm?SourceCode=18
Dishwasher Nameplate,PS11750492,WPW10214168,,N/A,N/A,N/A,"Refrigerator, Microwave, Range, Wall Oven.",Whirlpool,Special Order,https://www.partselect.com/PS11750492-Whirlpool-WPW10214168-Nameplate.htm?SourceCode=18
Dishwasher Nameplate,PS12711746,W11320231,,N/A,N/A,N/A,"Wall Oven, Microwave Oven Combo, Dishwasher, Range.",Whirlpool,On Order,https://www.partselect.com/PS12711746-Whirlpool-W11320231-NAMEPLATE.htm?SourceCode=18
Dishwasher Diy Dryer Manual,PS993033,677818L,,N/A,N/A,N/A,"Dryer, Washer, Refrigerator, Dishwasher.",Whirlpool,Special Order,https://www.partselect.com/PS993033-Whirlpool-677818L-DIY-Dryer-Manual.htm?SourceCode=18
Dishwasher Accessory Assembly,PS11775863,5001DD4001C,,N/A,N/A,N/A,Dishwasher.,LG,In Stock,https://www.partselect.com/PS11775863-LG-5001DD4001C-ACCESSORY-ASSEMBLY.htm?SourceCode=18
Dishwasher Attachment Strip Top,PS11771969,WD13X22837,,N/A,N/A,N/A,Dishwasher.,GE,In Stock,https://www.partselect.com/PS11771969-GE-WD13X22837-ATTACHMENT-STRIP-TOP.htm?SourceCode=18
Dishwasher Assembly Accessory;dw9900h Dw8000j Common Wa,PS12085776,DD98-01051B,,N/A,N/A,N/A,Dishwasher.,Samsung,On Order,https://www.partselect.com/PS12085776-Samsung-DD98-01051B-Assembly-ACCESSORY-DW9900H-DW8000J-COMMON-WA.htm?SourceCode=18
Dishwasher Assy Accessory;dw9500m Bu Common,PS12709169,DD98-01052B,,N/A,N/A,N/A,Dishwasher.,Samsung,In Stock,https://www.partselect.com/PS12709169-Samsung-DD98-01052B-ASSY-ACCESSORY-DW9500M-BU-COMMON.htm?SourceCode=18
Dishwasher Accessory Assembly,PS16222241,AAA74804702,,N/A,N/A,N/A,Dishwasher.,LG,Special Order,https://www.partselect.com/PS16222241-LG-AAA74804702-ACCESSORY-ASSEMBLY.htm?SourceCode=18
Dishwasher Accessory Assembly,PS16222242,AAA74804710,,N/A,N/A,N/A,Dishwasher.,LG,Special Order,https://www.partselect.com/PS16222242-LG-AAA74804710-ACCESSORY-ASSEMBLY.htm?SourceCode=18
Dishwasher Accessory Assembly,PS16222244,AAA74804714,,N/A,N/A,N/A,Dishwasher.,LG,Special Order,https://www.partselect.com/PS16222244-LG-AAA74804714-ACCESSORY-ASSEMBLY.htm?SourceCode=18
Dishwasher Accessory Assembly,PS16222250,AAA77744401,,N/A,N/A,N/A,Dishwasher.,LG,In Stock,https://www.partselect.com/PS16222250-LG-AAA77744401-ACCESSORY-ASSEMBLY.htm?SourceCode=18
Dishwasher Attachment Strip Top,PS8756122,WD01X10639,,N/A,N/A,N/A,Dishwasher.,GE,Special Order,https://www.partselect.com/PS8756122-GE-WD01X10639-ATTACHMENT-STRIP-TOP.htm?SourceCode=18
Dishwasher Attachment Strip Top,PS8756124,WD01X20220,,N/A,N/A,N/A,Dishwasher.,GE,Special Order,https://www.partselect.com/PS8756124-GE-WD01X20220-ATTACHMENT-STRIP-TOP.htm?SourceCode=18
